DeepSEA_auROC,DanQ_auROC,DanQ-JASPAR_auROC,ChromDL_auROC,DeepSEA_auPRC,DanQ_auPRC,DanQ-JASPAR_auPRC,ChromDL_auPRC
0.910351436,0.913248984,0.914907433,0.914858909,0.40114625,0.418438445,0.423433222,0.431356773
0.924485649,0.927766466,0.93135569,0.936910417,0.439600679,0.457190859,0.469222738,0.485296346
0.896293207,0.900266979,0.900854754,0.902863648,0.320743084,0.338483939,0.33670109,0.342471341
0.928261659,0.930334855,0.932826674,0.93394811,0.359187866,0.370377569,0.377666063,0.383240075
0.837919632,0.84072638,0.843135052,0.844401875,0.340708738,0.35262791,0.357220717,0.362218426
0.883256473,0.887292885,0.890438171,0.895018977,0.420775754,0.435208343,0.443271667,0.457497274
0.912435909,0.916624504,0.919144302,0.921873123,0.443014852,0.460311113,0.467375791,0.477346948
0.929741168,0.933507566,0.93608485,0.936877236,0.420590159,0.442074245,0.449663237,0.454364704
0.924307003,0.927249836,0.929858606,0.930367946,0.393459749,0.412547917,0.418198994,0.422544507
0.927615841,0.931122907,0.935974931,0.938452587,0.416804847,0.439188457,0.446254637,0.458921022
0.918760062,0.922044407,0.926679381,0.928060984,0.410152252,0.43015301,0.438221665,0.447593726
0.926360134,0.929466226,0.933119544,0.93500429,0.409962259,0.427420914,0.435123501,0.444799359
0.89967126,0.902763193,0.906347053,0.908038513,0.387371371,0.402089239,0.409378631,0.418672871
0.939249589,0.945704755,0.94895979,0.952522333,0.49144996,0.521293044,0.531626171,0.545239352
0.906091046,0.913567888,0.915116739,0.922656489,0.39549654,0.416145752,0.422862266,0.437210959
0.881975064,0.885601448,0.886953469,0.884825478,0.285556575,0.302651123,0.302960266,0.300803988
0.928321024,0.936776615,0.939490234,0.944540942,0.424967233,0.452150601,0.463078367,0.477371303
0.932890161,0.937078008,0.939943579,0.942119075,0.444275451,0.461642209,0.471393702,0.474775138
0.924769549,0.929474889,0.93211307,0.937424567,0.417369306,0.436693157,0.444213378,0.459666807
0.901924575,0.90770604,0.912510861,0.913557292,0.397371397,0.4176665,0.425568062,0.432032358
0.917159302,0.922532154,0.927308303,0.929114093,0.416740756,0.44141277,0.449316573,0.458730337
0.944668102,0.948610238,0.950535089,0.951720249,0.507432287,0.531020276,0.537719143,0.541940298
0.906442429,0.915724397,0.921088855,0.934034119,0.416956136,0.448037642,0.456117036,0.481211866
0.908234784,0.916222401,0.921528797,0.93327222,0.422910128,0.449596972,0.460135613,0.483284036
0.917926355,0.927245513,0.92943524,0.933709622,0.419546766,0.451153128,0.454739015,0.469585478
0.902486893,0.912149882,0.914130672,0.916195,0.400612638,0.428194627,0.432163331,0.444718314
0.864042242,0.866423881,0.869218628,0.869973693,0.315803121,0.327152697,0.33352297,0.335254526
0.847363066,0.850673761,0.853117368,0.855349221,0.353606627,0.366281921,0.374215104,0.379340848
0.916022356,0.921329115,0.923691704,0.92630329,0.41864158,0.439742905,0.449082679,0.459595777
0.849303246,0.85381044,0.855878001,0.856739199,0.350394009,0.363640452,0.367974622,0.373986042
0.914119582,0.918820234,0.922129327,0.925820177,0.457588711,0.479067097,0.487637199,0.499482965
0.89216587,0.896599501,0.897227435,0.896393074,0.370754595,0.389941694,0.393100221,0.392327471
0.89254097,0.900130166,0.901235899,0.90515043,0.423588593,0.450061038,0.453210588,0.468318417
0.91525081,0.919063329,0.92211937,0.925874898,0.440569619,0.462554071,0.469811538,0.486153123
0.927696294,0.936626888,0.93815761,0.943588797,0.474421737,0.507124084,0.515373023,0.537088245
0.925775814,0.931199331,0.934741549,0.938375636,0.449561061,0.472241873,0.479768852,0.49056574
0.88951898,0.898169869,0.899453302,0.906422409,0.370682483,0.396086118,0.398472239,0.409461901
0.884814335,0.888671807,0.889827093,0.888628855,0.371164208,0.382462992,0.387421308,0.388864962
0.921872672,0.928336318,0.93012463,0.933946571,0.449938411,0.473229725,0.482514196,0.49652171
0.905203186,0.910960223,0.912026918,0.915335093,0.421861015,0.443110639,0.450596278,0.464304622
0.930299369,0.935057585,0.939385162,0.946667444,0.458325147,0.475666484,0.492027007,0.522016265
0.930558584,0.934397802,0.938987646,0.946136668,0.454067629,0.467205515,0.485416939,0.50955464
0.929469519,0.933983089,0.93873362,0.947097273,0.496045313,0.511617746,0.526547939,0.557754708
0.927775855,0.931594159,0.937095992,0.945530658,0.435678468,0.450782118,0.468007437,0.497754248
0.935139243,0.938648384,0.942811594,0.95047325,0.490765048,0.505472908,0.521607891,0.552828098
0.928060187,0.931480283,0.936177163,0.942997525,0.482402278,0.495689179,0.511219341,0.53562846
0.913226233,0.923358854,0.929123227,0.933824198,0.455811947,0.48768406,0.50330083,0.518179844
0.926037247,0.929964594,0.935985781,0.945590824,0.439970125,0.458422685,0.47697596,0.513333764
0.955102255,0.960224786,0.961473463,0.964289117,0.441368128,0.466043297,0.464905725,0.472268945
0.91735557,0.921265641,0.925173799,0.927272192,0.393695248,0.408692857,0.412875003,0.421108922
0.925500268,0.931613755,0.934295414,0.940930392,0.492005829,0.512627419,0.522019442,0.543763875
0.92867733,0.932726399,0.934052747,0.937533528,0.431632364,0.451966027,0.456212055,0.459819194
0.889120095,0.896151474,0.899674066,0.904672906,0.445489733,0.464858605,0.472285629,0.485507101
0.895268982,0.900092341,0.90398937,0.908457058,0.403355979,0.422704934,0.428678712,0.441209008
0.922875567,0.928168037,0.9320845,0.935044112,0.49779014,0.522322672,0.53371504,0.546157362
0.881399822,0.889606278,0.892614799,0.900874376,0.413226252,0.433169412,0.440624128,0.460034627
0.919644463,0.924336189,0.931423208,0.935133906,0.467415412,0.484969398,0.503933455,0.516808252
0.879333841,0.886669951,0.889293003,0.892618577,0.448818803,0.468345512,0.475581222,0.488269748
0.911713274,0.915105104,0.921444522,0.927152516,0.515793033,0.532229819,0.547476175,0.566766682
0.907026954,0.911881305,0.918563786,0.92523911,0.491525223,0.507032376,0.524483427,0.546093447
0.905654384,0.91025134,0.913820011,0.91865499,0.443358301,0.45839335,0.46459255,0.4781227
0.903535042,0.909450212,0.912163189,0.916293099,0.431172313,0.448794541,0.459298109,0.468471286
0.875751559,0.888040969,0.891706391,0.903425366,0.415626869,0.447367873,0.456644705,0.483047229
0.887666733,0.90026684,0.903055194,0.917367914,0.412665242,0.446333039,0.452704993,0.49074067
0.914142019,0.92285742,0.924649193,0.928703893,0.467052947,0.495979708,0.504652829,0.522789584
0.865216236,0.868458834,0.870107027,0.868679919,0.358268396,0.36969265,0.374678421,0.374573685
0.902955171,0.906325817,0.913024256,0.918584077,0.325694732,0.339640762,0.351983338,0.364378346
0.917940255,0.920424373,0.925095715,0.93035838,0.416340724,0.432802428,0.445786578,0.464863444
0.926324849,0.928959966,0.934696044,0.940254276,0.456179407,0.475609764,0.490064359,0.51619054
0.915536905,0.922664321,0.929822879,0.938182859,0.491315411,0.516703082,0.539376137,0.568621215
0.928486887,0.932807965,0.937698484,0.945798704,0.488779163,0.50498614,0.520887621,0.554029548
0.92657588,0.929766832,0.934323119,0.939939708,0.490511995,0.504802181,0.521432299,0.541160947
0.918749237,0.923991881,0.927614138,0.934124688,0.487849653,0.50821298,0.519989034,0.547321819
0.867568074,0.874952488,0.87873071,0.884748547,0.310400002,0.320739168,0.332435827,0.339516466
0.927589775,0.931986885,0.936133384,0.941993513,0.514265084,0.532339099,0.548055614,0.571215619
0.925915241,0.931512248,0.935084146,0.941493917,0.493296593,0.514891719,0.529582555,0.552039634
0.931345077,0.934961626,0.939079243,0.944880886,0.495776109,0.509271046,0.524231113,0.547888971
0.932838333,0.937135607,0.940706181,0.946566563,0.520672451,0.535590631,0.55218941,0.575746586
0.929426226,0.934706836,0.938605756,0.946609441,0.482897785,0.499734756,0.51794726,0.545572083
0.920136522,0.925845975,0.930834056,0.938867259,0.497224673,0.517815733,0.534348429,0.558670042
0.925107353,0.933589921,0.935270542,0.940984674,0.487741387,0.508816492,0.517166191,0.536201992
0.934086436,0.944775463,0.947125627,0.954942128,0.550144697,0.584639234,0.595482106,0.628983133
0.914313099,0.920195688,0.925789418,0.934764945,0.483184745,0.499426691,0.513007888,0.540933485
0.925130896,0.930162151,0.935200426,0.943034445,0.503032851,0.519701664,0.539155389,0.564718237
0.927895498,0.931761988,0.936724628,0.945208273,0.436616555,0.449268603,0.468470023,0.499024023
0.92460714,0.929424696,0.933695774,0.941045419,0.510321953,0.527166609,0.542414999,0.570415785
0.909168997,0.912948503,0.914988705,0.916216328,0.420474665,0.434052637,0.444017,0.452032082
0.936543989,0.941344829,0.944751337,0.951179844,0.529397625,0.545024482,0.562179855,0.586012372
0.927300707,0.932673767,0.936415971,0.942597697,0.448050586,0.461415477,0.475437094,0.493915006
0.933941611,0.938850963,0.94275831,0.9490844,0.48856194,0.505915173,0.523309246,0.54595889
0.92490559,0.930562772,0.934250521,0.941201852,0.483613366,0.503229369,0.517328604,0.536991812
0.927537478,0.931362901,0.935837451,0.942626042,0.448808658,0.464338058,0.481370016,0.501972234
0.93083652,0.935559372,0.94007474,0.946385409,0.479373278,0.496934681,0.513549238,0.533348098
0.930036611,0.93498251,0.939099734,0.94579225,0.477864802,0.493756205,0.509100828,0.531563666
0.93031706,0.935641981,0.938322891,0.944539871,0.496151971,0.513646915,0.526380132,0.544423826
0.923662478,0.928420167,0.933060234,0.939846445,0.464189708,0.480392578,0.495808241,0.519343578
0.929924195,0.934263045,0.939614115,0.94670641,0.529220674,0.548030438,0.56748289,0.593777475
0.924899556,0.930275495,0.933899753,0.939749583,0.428923145,0.447218344,0.460664603,0.47876845
0.933486188,0.938455552,0.942779043,0.948045342,0.527643973,0.544415526,0.560777761,0.581804873
0.926365566,0.930528537,0.935757455,0.942493575,0.458118523,0.472596168,0.491062931,0.514060201
0.930353804,0.935131077,0.939555139,0.94519462,0.479692582,0.496976706,0.513166779,0.530461644
0.921345216,0.925852185,0.93472923,0.943006341,0.484425155,0.497439549,0.523490093,0.551720321
0.923646859,0.927923156,0.935900281,0.944961896,0.494755261,0.510238699,0.532921209,0.563829756
0.910142935,0.91634245,0.920273386,0.927192747,0.421588234,0.437824541,0.450116524,0.464163159
0.913599259,0.919130082,0.925933655,0.932668241,0.459551331,0.477751957,0.497517318,0.522112309
0.911136725,0.915276263,0.920868446,0.92723441,0.423534352,0.434182038,0.447888711,0.465020574
0.921549587,0.928394527,0.931159925,0.936889108,0.461961112,0.488749781,0.498280654,0.512566122
0.936719544,0.940571234,0.942592162,0.947008973,0.459471993,0.478080611,0.484186458,0.505925467
0.931088121,0.937818421,0.939550009,0.943953618,0.463158464,0.488661132,0.494423481,0.514588676
0.931549681,0.934847887,0.939575054,0.94638373,0.495721047,0.50825804,0.526122827,0.556129009
0.930726524,0.933339634,0.938407113,0.946002808,0.507657124,0.521516314,0.537077715,0.570080347
0.925687729,0.928143403,0.93440938,0.943308324,0.457985012,0.469100691,0.48981512,0.523856152
0.933492515,0.937367737,0.942068528,0.94835198,0.513913315,0.530183659,0.545636172,0.571337039
0.927061464,0.933956798,0.939724777,0.9471608,0.50223164,0.532542403,0.553392627,0.578745661
0.908114925,0.915348104,0.917101889,0.920733331,0.421814846,0.443454742,0.448579887,0.458686763
0.931840242,0.940854409,0.94374225,0.950583828,0.491453612,0.520773393,0.535066249,0.567102978
0.911536646,0.916416886,0.927368447,0.93429481,0.443884959,0.45975637,0.485469665,0.508515799
0.934864808,0.944876365,0.946858941,0.954019771,0.54297363,0.576044849,0.586096424,0.619295065
0.926250298,0.93153951,0.936340694,0.943680771,0.49253262,0.509261682,0.528340182,0.555335042
0.883021602,0.894283858,0.899042674,0.908354527,0.370737857,0.405745654,0.414071103,0.436451333
0.939063718,0.943862577,0.949898682,0.953182601,0.397510206,0.426180176,0.439817973,0.449408705
0.905005703,0.910399258,0.911119887,0.91556301,0.329385831,0.349335943,0.347236834,0.35359371
0.913575694,0.917334726,0.929592394,0.938093481,0.427889928,0.44368655,0.472620877,0.493730692
0.913134552,0.91562778,0.919893132,0.926584746,0.447966363,0.458989568,0.469862577,0.488024798
0.927649399,0.932650499,0.937045431,0.942903548,0.46254365,0.480846639,0.495734183,0.514067643
0.979197733,0.982819432,0.983497249,0.985485704,0.694847714,0.728044421,0.73395497,0.747836062
0.944861415,0.95051532,0.946402602,0.952492115,0.050357457,0.052956932,0.051392562,0.06397415
0.97843466,0.981984281,0.983670387,0.985816086,0.666268448,0.701741228,0.717626664,0.73448547
0.919441436,0.933658928,0.93691531,0.932957117,0.046888206,0.054974715,0.051525226,0.057880791
0.947187055,0.952256508,0.953835472,0.952382631,0.190437333,0.199766689,0.204330227,0.183090652
0.977368797,0.981970396,0.984390157,0.986898196,0.640402775,0.685114883,0.701397753,0.724745437
0.981665445,0.984325397,0.984403063,0.983305547,0.395092412,0.447485708,0.458064643,0.416523494
0.987164153,0.983649635,0.984619234,0.987994595,0.185575322,0.252601121,0.223639895,0.255431894
0.965011761,0.968992903,0.970439151,0.974651865,0.427761888,0.443051905,0.438007769,0.432312177
0.964978887,0.971096327,0.97415646,0.977509895,0.652124867,0.68999512,0.703566882,0.717826133
0.810107062,0.844023499,0.837829963,0.848705512,0.018678403,0.02938852,0.025719713,0.030670523
0.890695267,0.901051632,0.898233624,0.90646751,0.10878853,0.112655939,0.118255285,0.113693567
0.983452523,0.986530977,0.988215408,0.990131844,0.668693821,0.707974742,0.723347938,0.741208053
0.951716913,0.956729005,0.95589645,0.949646271,0.061039962,0.065147692,0.072518044,0.069848465
0.984604211,0.987557845,0.988852742,0.990465779,0.661669146,0.697900113,0.711790439,0.734233348
0.959317412,0.963992218,0.964700168,0.963578636,0.202375329,0.217750377,0.231107729,0.184115266
0.97622668,0.98088099,0.983001816,0.98571003,0.62784861,0.664489854,0.676044527,0.69362613
0.961192582,0.969454771,0.966576886,0.966954592,0.106623225,0.114481909,0.123980926,0.10944431
0.972644397,0.977936313,0.980786211,0.983351731,0.637798584,0.674237066,0.687832934,0.704405695
0.984216728,0.985436218,0.984964653,0.9870426,0.164461578,0.194713258,0.198757951,0.181275477
0.982231848,0.98477672,0.986623851,0.988187515,0.665241354,0.697085998,0.708606132,0.724713392
0.985643204,0.987154544,0.987095461,0.985723842,0.357333074,0.400492382,0.409836767,0.376186541
0.923989395,0.931500822,0.923907921,0.936131187,0.168723442,0.18109871,0.18334311,0.188971416
0.954814543,0.958993051,0.959434894,0.95720473,0.215826672,0.229244317,0.225249131,0.215151311
0.970549293,0.975826341,0.977869237,0.98077522,0.623834143,0.660849188,0.674405412,0.691529603
0.887793906,0.923348999,0.922601908,0.912112482,0.034458109,0.052113938,0.020309774,0.035775217
0.965512702,0.967782232,0.966935343,0.967953456,0.320484657,0.34322105,0.350792826,0.335889245
0.952215035,0.954297981,0.957295838,0.965523126,0.103608499,0.115859956,0.127326774,0.132872867
0.980055802,0.982101784,0.979329001,0.977895743,0.014890545,0.053516666,0.025149776,0.047329363
0.905436095,0.914195289,0.925600282,0.921600011,0.095227171,0.18622055,0.164013041,0.215894784
0.98363375,0.986079559,0.985607495,0.9859922,0.693046142,0.723606002,0.720118456,0.709664935
0.964963856,0.969317954,0.966629543,0.967548699,0.445147566,0.478375569,0.472431768,0.460631037
0.945730788,0.952196783,0.952771889,0.95375891,0.291902411,0.326103713,0.335687615,0.322029796
0.96120623,0.964470649,0.96598986,0.964362807,0.437717731,0.46445822,0.471204573,0.440056652
0.983896185,0.985230699,0.985359862,0.984079274,0.369478931,0.39310946,0.404502733,0.394295662
0.9802973,0.984597101,0.986573908,0.98808779,0.658070496,0.687582486,0.70288761,0.721969335
0.986685557,0.988368782,0.988285158,0.986820833,0.359947883,0.398712727,0.41507297,0.374742855
0.976131175,0.98044744,0.982909257,0.985075214,0.618470408,0.653544668,0.669520657,0.68238087
0.985680664,0.987554369,0.986955128,0.985854904,0.315141425,0.333752906,0.344839794,0.31625752
0.972821769,0.97783107,0.980939687,0.983087409,0.634254649,0.667059403,0.682334738,0.69958237
0.978477202,0.979986411,0.980734817,0.978944663,0.302133697,0.315709245,0.333072684,0.297370765
0.858047706,0.870341328,0.87301321,0.875396784,0.088659901,0.098301276,0.098653143,0.103358273
0.980536775,0.9839292,0.985494076,0.98718272,0.633578811,0.670823372,0.683065201,0.698753466
0.974710131,0.977579697,0.978014866,0.975499615,0.260526064,0.281529008,0.288052389,0.256127706
0.96530837,0.972028886,0.974641306,0.978497142,0.670156796,0.702780455,0.712423322,0.726612507
0.913191801,0.926445138,0.930266738,0.939570541,0.115689175,0.152606086,0.164404168,0.19068925
0.867672168,0.885564787,0.889644511,0.899050653,0.096598871,0.125234396,0.13488281,0.149069221
0.965667429,0.97073817,0.975198811,0.979220917,0.440254602,0.460590878,0.472240942,0.475332009
0.987773364,0.989046221,0.989452416,0.990484951,0.561594381,0.595325365,0.602686821,0.613743855
0.987068508,0.989016765,0.9898132,0.990217347,0.604515952,0.636679923,0.648621785,0.652959622
0.938142161,0.94301396,0.947677772,0.955719223,0.284819154,0.3125383,0.326315276,0.3510535
0.94348497,0.953954324,0.957403422,0.958844178,0.272820047,0.328660088,0.32736833,0.332072149
0.932658125,0.938859278,0.941586883,0.951068216,0.343666112,0.35836631,0.36786311,0.40121255
0.900893332,0.908772107,0.944742875,0.961836929,0.054620653,0.066671219,0.145160644,0.207088364
0.943008355,0.950767034,0.953851512,0.961842156,0.365759159,0.409310454,0.411252796,0.438169449
0.922765243,0.929814961,0.949547139,0.973456626,0.026556757,0.049930254,0.052796884,0.090052345
0.863613911,0.879447292,0.936163939,0.952789665,0.139941887,0.156824494,0.287079763,0.357137666
0.891522056,0.903527556,0.945185153,0.96075454,0.112678278,0.125671777,0.190726373,0.236046717
0.889334483,0.907127974,0.946976072,0.959378699,0.150397656,0.169590744,0.252858194,0.295475395
0.904815163,0.912418471,0.915961175,0.945804384,0.242310344,0.29760201,0.311838593,0.354303802
0.883371053,0.894506873,0.901367974,0.914408357,0.17959847,0.202019534,0.214172704,0.256132324
0.959203153,0.962042426,0.962394604,0.962932418,0.616709977,0.629062675,0.63338901,0.621625955
0.960457188,0.962768592,0.963144959,0.96363717,0.634117684,0.647462131,0.649875253,0.642292101
0.885424571,0.899436668,0.903450708,0.904761595,0.102211091,0.121381378,0.129061038,0.13035139
0.940631616,0.951805279,0.957052854,0.961641242,0.247223069,0.320516357,0.328133378,0.340363584
0.933993717,0.940490221,0.94293022,0.948248464,0.361555221,0.39003789,0.396107797,0.37899763
0.881868319,0.895525226,0.901664636,0.916063399,0.204439731,0.232918452,0.238297591,0.27180598
0.945060376,0.953728192,0.960274864,0.967484706,0.241713168,0.281341133,0.290076696,0.308928067
0.96826118,0.972893734,0.976637459,0.98086559,0.330668576,0.380021092,0.38659998,0.400045648
0.930509026,0.946998574,0.953137575,0.963871716,0.245356341,0.307733202,0.316687644,0.344634947
0.94125701,0.949418094,0.950452464,0.960243558,0.317890016,0.334962954,0.338493108,0.371978908
0.91312342,0.926563084,0.930214196,0.942082527,0.146803572,0.191508185,0.206315741,0.251971586
0.994901971,0.995843579,0.995995024,0.996431318,0.752907681,0.78239437,0.79090166,0.795062369
0.878895275,0.889722184,0.918446084,0.951353841,0.027333552,0.037938379,0.064841332,0.140170952
0.854146372,0.86106586,0.895697088,0.933188749,0.074076062,0.086300777,0.135406221,0.221354567
0.8639426,0.873923675,0.90649421,0.939483068,0.064723406,0.086265127,0.127222779,0.199165481
0.920940703,0.931902483,0.938545657,0.965716665,0.069793301,0.088495805,0.090638139,0.160265667
0.875242027,0.896354386,0.930369757,0.955971614,0.05876971,0.070020679,0.11027684,0.173930084
0.970602594,0.972618095,0.97128929,0.973770368,0.5920348,0.615478048,0.615488277,0.615446839
0.908166107,0.913290408,0.92300213,0.935009368,0.224197028,0.242165548,0.267360431,0.299213135
0.971901032,0.986698627,0.987818507,0.994312811,0.233906913,0.331372251,0.327179954,0.332424205
0.932021719,0.943077371,0.946920663,0.963302182,0.229428435,0.276715517,0.286197523,0.390005624
0.942711195,0.946837253,0.952776703,0.962292236,0.176233599,0.193542341,0.213760864,0.261632956
0.904599574,0.910849277,0.912412907,0.914323719,0.167440914,0.190047725,0.192435517,0.198053075
0.958378312,0.958087421,0.961513454,0.961704379,0.13732454,0.172475113,0.16599445,0.16837297
0.917012442,0.922600382,0.930790745,0.938481037,0.102449869,0.128791432,0.156312671,0.1778412
0.903966501,0.930235135,0.933760847,0.947266224,0.180881996,0.241007686,0.248738975,0.314937869
0.968068142,0.970150923,0.971402839,0.982351534,0.255544605,0.290014458,0.30655262,0.382393069
0.971719081,0.974963132,0.976548128,0.978387724,0.480345914,0.515099771,0.515765887,0.524008281
0.985629811,0.983399923,0.979532341,0.984590538,0.259880459,0.31586556,0.312181098,0.35472097
0.907992477,0.91467377,0.923470296,0.931995744,0.202106326,0.223947042,0.242502959,0.261046375
0.987640089,0.988769335,0.989585306,0.990125641,0.5211708,0.58798089,0.579269034,0.606196813
0.93451815,0.944939681,0.946360512,0.958735257,0.175851082,0.20880546,0.214229064,0.270687629
0.929263022,0.927743212,0.947141128,0.960729928,0.154211938,0.161014002,0.203463335,0.278205965
0.935128543,0.927879657,0.954226899,0.967920747,0.09573493,0.101727279,0.159641624,0.228927599
0.899905648,0.905764824,0.914900449,0.91914753,0.146843754,0.167390059,0.185590943,0.197221558
0.89701768,0.903024715,0.910501156,0.915275804,0.166882573,0.192017547,0.200277213,0.209932381
0.900132328,0.904992713,0.915101175,0.928127435,0.245112683,0.265482562,0.294359971,0.333889061
0.972767885,0.956573419,0.962673382,0.983937314,0.436763412,0.447696819,0.452233214,0.558452032
0.958002113,0.959355878,0.963663011,0.970168747,0.111535973,0.128929391,0.159133253,0.165543947
0.900678121,0.906181061,0.929393656,0.951665426,0.164839885,0.18788587,0.226109771,0.277902279
0.915295958,0.920153359,0.93811333,0.95267874,0.169766415,0.173342275,0.209637469,0.257907815
0.931529498,0.933551131,0.939989347,0.948653238,0.111872923,0.11907414,0.131146566,0.13372015
0.926881395,0.932867462,0.937014276,0.942681434,0.313169767,0.349267614,0.364367719,0.368323082
0.892877934,0.89913898,0.900658691,0.89883656,0.361913188,0.385346126,0.390746625,0.38524146
0.95735067,0.959757901,0.958954213,0.959971478,0.592175782,0.609362621,0.606862792,0.603053071
0.925661202,0.923067376,0.93713417,0.948841068,0.198084737,0.211735716,0.236741524,0.269077108
0.963193627,0.963224906,0.965137203,0.978162869,0.439191768,0.455998359,0.469800444,0.564119902
0.980068363,0.982794912,0.984820542,0.986400523,0.58192183,0.609708498,0.624119275,0.621762428
0.918940734,0.921822188,0.929861888,0.93742163,0.384915609,0.397046057,0.420582413,0.454265577
0.975478372,0.972474788,0.977062226,0.982846149,0.023236925,0.056472796,0.050767043,0.056598242
0.990721252,0.992780882,0.991339073,0.993017179,0.475766314,0.610619887,0.594414042,0.651061398
0.955073265,0.957822705,0.960852083,0.965826159,0.3273312,0.350549327,0.36548824,0.38209136
0.926471266,0.929366936,0.93764332,0.963159119,0.140648806,0.16973699,0.173302904,0.202842441
0.900454995,0.907508557,0.910381867,0.920569969,0.102931952,0.125371815,0.133778703,0.137950199
0.962067709,0.963792877,0.965503886,0.968434678,0.360100384,0.390927595,0.404059296,0.39444244
0.948741631,0.954939719,0.958843791,0.963541131,0.200420359,0.229946007,0.245762755,0.26974849
0.947997051,0.953677731,0.956574127,0.960185608,0.180157211,0.21490132,0.236707138,0.251082374
0.982516349,0.983642069,0.985332868,0.987169415,0.383973022,0.395228622,0.408715695,0.429930791
0.952042593,0.956850128,0.957826333,0.965083384,0.403760645,0.440680253,0.447956774,0.456349035
0.969481667,0.9764612,0.979164355,0.985219053,0.067320672,0.107438261,0.124612115,0.293131539
0.966827784,0.971669283,0.971464248,0.973710336,0.170089054,0.190417269,0.179370736,0.179444463
0.917241364,0.924396733,0.952243855,0.969374614,0.026235013,0.032287357,0.051422555,0.088206289
0.90092174,0.906566439,0.905635131,0.907392593,0.301853669,0.317300725,0.326942487,0.321471715
0.909010551,0.915201344,0.913215807,0.918217703,0.331124632,0.346749072,0.352622556,0.354982794
0.930523887,0.928554442,0.943204735,0.951567257,0.154993546,0.174399278,0.197937385,0.219700923
0.963082388,0.963982087,0.966616746,0.977971451,0.439187704,0.462343854,0.479626481,0.572275149
0.963908335,0.965385842,0.966557192,0.969452161,0.358143431,0.38835515,0.397042085,0.403602331
0.966720448,0.971312553,0.970799748,0.978037257,0.370301667,0.409739875,0.402566587,0.429140058
0.951680706,0.954742064,0.968687749,0.976911609,0.267782537,0.280602791,0.305528626,0.310631044
0.899228266,0.906943281,0.906897469,0.907979725,0.308209497,0.334159196,0.337744816,0.335318796
0.930859483,0.935302674,0.934405244,0.934041373,0.449367778,0.478392655,0.478098471,0.477707365
0.970675427,0.973778093,0.975030955,0.975264392,0.388853664,0.418789697,0.44051322,0.41999833
0.954630578,0.961997052,0.958983066,0.971332742,0.342971175,0.375042851,0.368385216,0.406123543
0.914795823,0.936848222,0.944929051,0.95058895,0.11430116,0.146001831,0.154832054,0.188722428
0.982504366,0.986958383,0.987919509,0.990365489,0.273346669,0.349407627,0.351315657,0.382248673
0.940037271,0.956160713,0.967126695,0.980138209,0.067376009,0.106347855,0.154259236,0.187189445
0.983673756,0.986662009,0.987866305,0.990104272,0.591221226,0.631827175,0.644133825,0.660914773
0.953604242,0.959735796,0.962430041,0.968843339,0.162317457,0.184926903,0.182321562,0.232861961
0.937050394,0.939533356,0.941461387,0.944691304,0.02580851,0.025401472,0.029048392,0.049432719
0.98281473,0.98640288,0.985595026,0.987158295,0.34429224,0.388091869,0.393128116,0.402461926
0.948779038,0.958609288,0.96804019,0.973273664,0.066814275,0.100833406,0.117592748,0.122120622
0.957098716,0.964265024,0.968462805,0.973561789,0.166833147,0.211865521,0.223095628,0.252526084
0.930438563,0.9415615,0.96206532,0.968506449,0.073869386,0.110089108,0.166733147,0.181663244
0.952885124,0.922498624,0.932675367,0.97105383,0.442827686,0.370143416,0.400977573,0.579722621
0.940837667,0.953214295,0.963663742,0.967199818,0.136096932,0.176543707,0.202314767,0.218739035
0.90698199,0.914040966,0.917504094,0.921571547,0.308969885,0.323921794,0.325590629,0.33091886
0.936257213,0.942993876,0.944700902,0.950429239,0.497237145,0.510571801,0.511882505,0.510890821
0.94708764,0.952754149,0.969981517,0.979709034,0.10123013,0.149746224,0.235979712,0.304440092
0.974008375,0.979506611,0.981936196,0.983889371,0.662454361,0.702984552,0.713823073,0.73074282
0.956119035,0.968421401,0.972013737,0.978502492,0.019507354,0.029318049,0.031341446,0.059029443
0.957022324,0.963800061,0.969590443,0.972431871,0.203254478,0.228635635,0.236607173,0.262902204
0.955924198,0.97231953,0.971870051,0.981620808,0.287043545,0.469140595,0.440859667,0.527990544
0.93694478,0.94681547,0.95329973,0.963066729,0.233113743,0.276234592,0.297504992,0.336432661
0.971738645,0.968353875,0.969564263,0.976831362,0.227638,0.282646758,0.264280595,0.289219269
0.974701339,0.975757274,0.977973345,0.979812668,0.288364604,0.311998272,0.312179214,0.309385984
0.874915349,0.889665672,0.891702217,0.963445332,0.079308733,0.113209995,0.111730907,0.308243188
0.975171221,0.978604273,0.979609972,0.981420198,0.524701262,0.544937311,0.552073203,0.550895201
0.958718248,0.965153515,0.967738245,0.967147005,0.316933269,0.349537582,0.356294002,0.349228333
0.94269021,0.954315744,0.964669375,0.968039132,0.113885271,0.169286112,0.215101414,0.219414684
0.946155967,0.954672668,0.958389565,0.972933303,0.220844439,0.267433002,0.275112876,0.376698924
0.976938955,0.978666323,0.982506829,0.986704948,0.44260659,0.487512551,0.50598601,0.560201866
0.955840635,0.963094666,0.966185993,0.975405062,0.319787788,0.360491089,0.351499752,0.415947879
0.904003718,0.913501984,0.915264831,0.91982586,0.420814641,0.447947695,0.449215524,0.452301754
0.966481725,0.968814438,0.96966867,0.973797122,0.308857671,0.352838427,0.345171767,0.363478512
0.961492995,0.96727374,0.969416927,0.969945001,0.171654165,0.204584646,0.219208762,0.225070687
0.982048618,0.984182428,0.983143996,0.985472758,0.415736776,0.464105312,0.455255363,0.471830912
0.940969855,0.917049483,0.923738474,0.967549711,0.357052226,0.346658064,0.354048993,0.500416503
0.910957167,0.920817474,0.919581866,0.921647193,0.478326838,0.496106993,0.497086348,0.497400154
0.95272497,0.957175225,0.957050823,0.959131277,0.362849705,0.383000623,0.383994844,0.379146023
0.984173628,0.98533757,0.986407746,0.988278478,0.233290495,0.295073439,0.286763116,0.335759813
0.970076098,0.972672657,0.97638331,0.984929387,0.101081213,0.140178626,0.147895088,0.190553235
0.97629226,0.979898338,0.98302453,0.986506021,0.296054815,0.329891955,0.357940096,0.385940866
0.971372911,0.973453117,0.975281043,0.979104411,0.199586558,0.227329442,0.244530596,0.257543535
0.986842904,0.98945024,0.990287717,0.991635838,0.638482215,0.668274792,0.674476084,0.690609295
0.965702763,0.968509434,0.973585332,0.977109182,0.358046134,0.388269919,0.40094753,0.442960542
0.95448315,0.957739492,0.959446268,0.962941665,0.310610245,0.328156981,0.347283688,0.370960772
0.944196728,0.947997294,0.955602655,0.967609688,0.34106891,0.365598627,0.400207203,0.459448588
0.943532165,0.947418588,0.955972651,0.966950216,0.373016424,0.398625181,0.443006871,0.501698434
0.943101921,0.949677328,0.957148342,0.966838392,0.328173443,0.355011791,0.392062381,0.434981195
0.988331069,0.988915384,0.989334857,0.99106971,0.561585726,0.61469508,0.61349196,0.626063313
0.937250962,0.942775982,0.954595508,0.959673363,0.17216603,0.19398713,0.227516386,0.258792326
0.962022049,0.967797421,0.972495856,0.978360691,0.263098355,0.322613412,0.338967659,0.385814774
0.954636203,0.964082586,0.966350947,0.973559543,0.252667593,0.313524897,0.335753132,0.366597933
0.955196962,0.958006417,0.961158719,0.966282423,0.261404903,0.274683933,0.300466781,0.332076843
0.916877278,0.924327815,0.932656276,0.938298834,0.080176469,0.101803597,0.124322106,0.13902089
0.908103887,0.916692844,0.929195465,0.938474316,0.195864008,0.222184295,0.247290041,0.263424356
0.908727988,0.919866988,0.934014939,0.94529812,0.166984648,0.200015766,0.230886964,0.273435719
0.984887604,0.973025861,0.97734792,0.989863218,0.474319096,0.459424009,0.481485125,0.560624756
0.953006243,0.952145282,0.953401997,0.968149749,0.350833473,0.399747158,0.403020903,0.453414753
0.932979836,0.933426412,0.946249932,0.956470121,0.230631892,0.244179254,0.279453903,0.321500539
0.908404142,0.917114166,0.921220902,0.925986976,0.392931306,0.427557353,0.429958587,0.431293813
0.948906184,0.952078403,0.954016879,0.956976037,0.50675014,0.530483566,0.536508853,0.538429458
0.976796245,0.981710276,0.983406818,0.985358132,0.604174723,0.643025974,0.650372226,0.663070222
0.942017622,0.943944902,0.952322135,0.963801252,0.188252982,0.193150881,0.222583443,0.265884417
0.950666732,0.953034625,0.958021934,0.959945408,0.314508363,0.332379446,0.346620938,0.337151386
0.942727504,0.945752815,0.95675663,0.963058771,0.272329868,0.298114193,0.337663703,0.3704217
0.991742099,0.976471546,0.984407389,0.992802327,0.31014129,0.346949417,0.339175972,0.418344531
0.853729196,0.883070739,0.894336926,0.954455281,0.0388119,0.048846124,0.047117652,0.145707823
0.986033679,0.987785869,0.988767402,0.988431994,0.562853606,0.58585271,0.59706037,0.589177507
0.977847001,0.976825683,0.979742224,0.982367926,0.067296355,0.075626176,0.087694898,0.125572264
0.911202801,0.918163061,0.930332636,0.949892474,0.131896012,0.16113646,0.181596666,0.23362881
0.982911581,0.983825101,0.986145992,0.988230463,0.388128775,0.428716372,0.447836704,0.483957672
0.967588379,0.972895318,0.972778455,0.980177308,0.448251398,0.472330915,0.472256325,0.496041862
0.954026245,0.96513025,0.966138709,0.979948649,0.07906862,0.11747647,0.125552766,0.277914238
0.967724078,0.973884264,0.971904114,0.979698331,0.137657205,0.180841134,0.163998625,0.189966928
0.918693054,0.924723777,0.927397326,0.942107446,0.377177387,0.394679355,0.403348666,0.423491016
0.926147666,0.931827469,0.931514259,0.940674934,0.408487156,0.430668406,0.426438133,0.436334248
0.966515758,0.972163834,0.973058755,0.9777169,0.24843793,0.285730361,0.274867808,0.304095409
0.946783024,0.955445066,0.945947035,0.95629369,0.055359144,0.108857662,0.105238697,0.153807545
0.951982546,0.959141183,0.957833745,0.956778254,0.116570366,0.164028527,0.154196332,0.154563371
0.867518233,0.884903249,0.888568606,0.905584949,0.135286658,0.162121608,0.173981456,0.198758929
0.945297111,0.955149003,0.957251017,0.964051931,0.233256411,0.280351488,0.288073354,0.317749241
0.983784131,0.985872524,0.987293719,0.988739939,0.603674169,0.62885619,0.639056688,0.648079082
0.989923324,0.991062599,0.99129723,0.991970342,0.286065903,0.336636939,0.341994219,0.331970605
0.963235911,0.967199179,0.966919819,0.970035989,0.37823055,0.404166011,0.395479984,0.402049745
0.93145635,0.936716569,0.944380976,0.974540044,0.272761981,0.293098501,0.309445679,0.471245387
0.958270991,0.964065983,0.966021755,0.973472838,0.394223178,0.425053894,0.426953562,0.464029506
0.974433524,0.97967719,0.979408752,0.980469986,0.334994847,0.392435143,0.391171888,0.39321304
0.977913227,0.98004567,0.980258247,0.982414919,0.300265703,0.297820521,0.297568457,0.316603733
0.970624016,0.975629088,0.976758053,0.979936054,0.430323001,0.491030428,0.481938443,0.495947735
0.958298093,0.960901697,0.964143161,0.973476286,0.255653266,0.272079314,0.295444684,0.323046868
0.946921693,0.953471924,0.952179567,0.961129739,0.100802861,0.120868555,0.12172779,0.153171005
0.946450203,0.954062781,0.954227903,0.958366149,0.442044106,0.479480722,0.479972574,0.49085747
0.916608232,0.918626963,0.944241022,0.973285137,0.048600801,0.056849906,0.078891784,0.152082957
0.920975477,0.921977789,0.931064128,0.945431969,0.170702367,0.178858108,0.197749114,0.236016842
0.950617333,0.936209927,0.946081271,0.97015739,0.287497875,0.29762963,0.310282578,0.407614084
0.942659129,0.948253428,0.950885719,0.954704598,0.312015454,0.341181563,0.353827361,0.342464929
0.931789038,0.939468035,0.942737474,0.946435211,0.338125982,0.37244644,0.380019572,0.375116426
0.951292087,0.957320271,0.956650814,0.956401484,0.569409399,0.594137056,0.592372029,0.58251591
0.967879614,0.969506365,0.970545221,0.982816909,0.272348495,0.295647625,0.30876616,0.410897653
0.987508717,0.989780947,0.990494482,0.991733643,0.560496925,0.587962998,0.603142135,0.608176917
0.973752096,0.975278831,0.974466325,0.974055816,0.286774099,0.314791158,0.319795899,0.327356109
0.991661661,0.992597429,0.992704431,0.994260626,0.401441107,0.527805884,0.517888551,0.570869657
0.972705412,0.976641776,0.9754055,0.978258085,0.270534442,0.305217983,0.305760263,0.314901864
0.991181539,0.990315691,0.988735019,0.98791712,0.325415287,0.397950062,0.366575043,0.385055034
0.914001353,0.927425275,0.921435593,0.964115817,0.089580647,0.114008044,0.110218537,0.170002033
0.948215404,0.955414826,0.961898629,0.968378291,0.1697467,0.205374214,0.235212544,0.26781941
0.973415421,0.976048759,0.97707815,0.978675125,0.439748927,0.47739756,0.474556597,0.467307318
0.890440546,0.900222189,0.896768409,0.915439786,0.064628225,0.087666737,0.089853804,0.089629407
0.922597989,0.928141836,0.935283574,0.944575632,0.255732098,0.272462356,0.300584298,0.332570608
0.985768313,0.98707562,0.987217847,0.987210586,0.191209291,0.203898604,0.223931187,0.203752758
0.916828143,0.925509388,0.931864418,0.938969693,0.136589329,0.170216957,0.192476479,0.219803238
0.974563686,0.97842363,0.980118877,0.984197438,0.37302121,0.404380753,0.410338512,0.441045306
0.983002327,0.985477603,0.985607122,0.988072686,0.42495077,0.459147157,0.450033538,0.475143357
0.957374991,0.961516296,0.961890714,0.969903265,0.368855976,0.381805971,0.383395174,0.424627602
0.95579861,0.965528998,0.965171869,0.970245217,0.063504328,0.117976431,0.138244926,0.264416742
0.970400592,0.972951232,0.972539371,0.975492391,0.373238535,0.418347231,0.407066588,0.423978005
0.975145248,0.966220972,0.970677487,0.983085211,0.405590494,0.425428859,0.433642223,0.521719641
0.928962738,0.936744464,0.940050656,0.946450491,0.169585408,0.186279392,0.188489874,0.182832106
0.98032654,0.982870389,0.983613773,0.983953343,0.169698144,0.179762887,0.18866366,0.183015109
0.962361693,0.966092612,0.96857876,0.971323823,0.329942323,0.349861361,0.363478345,0.354796469
0.935109016,0.908458372,0.918921123,0.966430822,0.352803205,0.332620184,0.353093511,0.493971827
0.93017281,0.938622341,0.94050771,0.944554446,0.079889952,0.093731314,0.090711198,0.115534154
0.922334826,0.932479034,0.93632895,0.943007063,0.21673075,0.251198068,0.253512177,0.244680159
0.910221709,0.922991587,0.927175757,0.94082173,0.232464557,0.266323801,0.271994269,0.29535669
0.907063492,0.922659045,0.927738277,0.939409209,0.260975484,0.317172157,0.321274963,0.355738007
0.957974346,0.962024738,0.964674207,0.972554695,0.292292295,0.350316354,0.358104319,0.379938881
0.959115812,0.94906955,0.956336372,0.978438881,0.284483302,0.313005241,0.320290399,0.390889524
0.901610066,0.911246197,0.916926651,0.929102719,0.301130992,0.322806176,0.331700497,0.352607322
0.991020275,0.992511245,0.993109771,0.99390687,0.605119464,0.656784914,0.65587679,0.674639237
0.891925063,0.90214988,0.912921922,0.924843159,0.222156108,0.248299012,0.281197303,0.31125727
0.958137666,0.965446477,0.968358229,0.971171743,0.544030423,0.583184878,0.595278899,0.605118146
0.97806443,0.980303351,0.981853018,0.985702098,0.388970943,0.428196726,0.432832106,0.475350561
0.944735901,0.952677221,0.953239344,0.964410143,0.301850523,0.333628448,0.325078459,0.373179234
0.946856187,0.94994568,0.951652868,0.957997928,0.288195231,0.297512227,0.302064305,0.311836666
0.968996752,0.971053209,0.974031214,0.976433479,0.409654723,0.439612418,0.449319408,0.444713098
0.987168417,0.989672474,0.990287353,0.991462957,0.668881908,0.706635362,0.704434124,0.725453452
0.895361686,0.892856288,0.931826571,0.954032607,0.03016,0.032850466,0.063145958,0.142994078
0.877178508,0.876224882,0.907745662,0.938536911,0.064234967,0.075684473,0.110275638,0.186103185
0.877228411,0.87690529,0.907611866,0.938899413,0.063840266,0.075760648,0.108529833,0.187216985
0.91807632,0.928520172,0.935047833,0.954827727,0.244747038,0.286568245,0.312095568,0.371044262
0.864564285,0.870537614,0.879725744,0.935836986,0.14953962,0.167278251,0.18559248,0.330525802
0.882579323,0.904663917,0.911042115,0.937135068,0.100503896,0.128116399,0.141662729,0.19819367
0.977759226,0.975177146,0.97742938,0.984562909,0.398898067,0.442989008,0.455183631,0.476349232
0.916523037,0.924530448,0.925442852,0.929739434,0.345898673,0.371199201,0.373175376,0.380908623
0.958361915,0.962891373,0.961157851,0.967208458,0.123908049,0.162087568,0.172371482,0.184416852
0.971565265,0.974458205,0.975464328,0.979888718,0.490754639,0.515623197,0.522708159,0.566845366
0.970096237,0.975408866,0.974715802,0.979353658,0.314981117,0.352952261,0.362017137,0.366850394
0.663888085,0.697448687,0.712331274,0.713725957,0.008492456,0.010661755,0.011198469,0.010816676
0.988579197,0.990436926,0.990764688,0.991889476,0.63659098,0.678952824,0.687556031,0.695373443
0.972015609,0.972140648,0.977821513,0.972957789,0.517869106,0.577759454,0.566596925,0.564040745
0.951498795,0.952879493,0.956670612,0.967420967,0.159606454,0.203007594,0.210823353,0.265211732
0.991693325,0.991660398,0.990911254,0.992452149,0.529412097,0.57604125,0.576155234,0.569275384
0.944348841,0.949001383,0.954789604,0.962466178,0.220495417,0.2329333,0.255835913,0.276740354
0.997287365,0.997688709,0.997634321,0.99965527,0.057529356,0.156831512,0.208681966,0.704236696
0.988763616,0.992084473,0.99186239,0.993177634,0.408668582,0.428595885,0.455407415,0.444479562
0.888391109,0.892558827,0.891035391,0.89414913,0.070552906,0.077615838,0.079940158,0.077850755
0.942040607,0.944498124,0.949985572,0.954847025,0.298982492,0.326578471,0.342820679,0.35753275
0.960820639,0.96984121,0.97175321,0.974000686,0.052303648,0.079914393,0.080288724,0.179866034
0.979011087,0.984030856,0.985054085,0.986740369,0.549968911,0.606930515,0.618437527,0.631319045
0.970666767,0.976184696,0.97457941,0.97036999,0.196131359,0.23101146,0.21866536,0.239319432
0.892538354,0.926621975,0.928658405,0.941584214,0.187258841,0.290755333,0.296577691,0.357035489
0.965664017,0.96741434,0.968150446,0.972374843,0.404357562,0.436700656,0.43217499,0.447052477
0.923745016,0.929575239,0.933616055,0.941564643,0.133470572,0.147185817,0.16286634,0.187832695
0.966194552,0.971981482,0.97623833,0.985274872,0.101688536,0.119893382,0.138680267,0.203169828
0.957453008,0.959016997,0.961719901,0.961530324,0.342441508,0.375242252,0.376746284,0.380892072
0.951987599,0.955069885,0.958207404,0.958803282,0.405934575,0.435951957,0.446141357,0.439761478
0.939281483,0.943380586,0.943988237,0.946388473,0.338248326,0.368095765,0.365106918,0.380488004
0.985723035,0.989221985,0.989880025,0.991693475,0.345346121,0.432098025,0.419499572,0.450301418
0.939836519,0.941091865,0.94567196,0.955954349,0.217027376,0.239721354,0.25280699,0.311285189
0.987151504,0.986659,0.989526483,0.989681062,0.405223514,0.464345387,0.483980522,0.482667651
0.953241064,0.959116654,0.960281944,0.96530854,0.411141412,0.457899962,0.454296917,0.468205252
0.987961857,0.991582287,0.990430398,0.990813273,0.451447169,0.527465878,0.516779295,0.547026253
0.959971103,0.960545921,0.967295692,0.973235222,0.149608807,0.166405967,0.194134545,0.222136417
0.931861711,0.930640962,0.940647345,0.9469176,0.205675222,0.21424063,0.248132418,0.276198272
0.919500854,0.921281395,0.920884457,0.928992355,0.383490945,0.402256813,0.40810318,0.412294392
0.924078021,0.92717257,0.924984071,0.924429292,0.34031407,0.37146931,0.365487573,0.355133228
0.96813096,0.969444141,0.969294475,0.969901836,0.40349171,0.43099529,0.427351301,0.415203513
0.942061887,0.98673355,0.962313745,0.951620808,9.53E-05,0.003748453,0.000109892,0.004416424
0.979247993,0.983166793,0.984420061,0.985814611,0.594425505,0.635541553,0.644680726,0.652555923
0.921216659,0.933651669,0.937935858,0.945717144,0.208897913,0.23088189,0.24602825,0.238049221
0.950010504,0.954458232,0.953165641,0.955699686,0.32720465,0.35371216,0.347343643,0.351342167
0.977133874,0.979213682,0.980173676,0.982406304,0.666976063,0.69830362,0.704533782,0.711542543
0.925506337,0.925966439,0.933012864,0.932115207,0.062260342,0.057410479,0.05847521,0.060465819
0.911616503,0.919094302,0.922780706,0.927683488,0.086468066,0.096113088,0.095655996,0.116153949
0.927338626,0.931303095,0.937208157,0.943612731,0.183418405,0.202315147,0.213806282,0.238541121
0.911404453,0.913213984,0.917221013,0.920844405,0.220134142,0.236031773,0.24320757,0.243999507
0.962338054,0.966342215,0.96258839,0.965840993,0.145025307,0.144241178,0.136823515,0.172383889
0.973089523,0.976383522,0.978078687,0.980561237,0.324565079,0.362103437,0.373388552,0.38054187
0.871817325,0.880317501,0.879919105,0.886635702,0.100477416,0.119101056,0.119264319,0.119590574
0.926697195,0.933193885,0.927668967,0.957859895,0.074355572,0.089144549,0.089746317,0.138318522
0.982639769,0.987818132,0.988406452,0.990462343,0.616799002,0.668861718,0.669663005,0.674802285
0.706886447,0.7412895,0.765685236,0.792709972,0.001885618,0.02916769,0.026967759,0.055697895
0.908275757,0.93189548,0.937759673,0.944238243,0.033995656,0.125252017,0.077312083,0.296690302
0.93821577,0.942286792,0.948132774,0.95850317,0.297770668,0.329406904,0.355333648,0.419512908
0.924227214,0.928279188,0.925939815,0.934365923,0.37161083,0.401118317,0.398657171,0.404443728
0.95623254,0.95773234,0.962405079,0.970526245,0.168109907,0.213079895,0.227921733,0.272573994
0.948067411,0.949865429,0.950208695,0.952658619,0.480657107,0.504043705,0.509569233,0.505889851
0.948288218,0.952703912,0.95528365,0.960708248,0.263177451,0.289640965,0.306873239,0.319811688
0.974398294,0.974644594,0.975929981,0.975384628,0.593161713,0.615950132,0.621854685,0.618816852
0.943585332,0.944078653,0.948265362,0.963097849,0.156281115,0.195571423,0.211060117,0.272340211
0.93632009,0.939957784,0.939752512,0.943357712,0.440608974,0.460961631,0.46198463,0.459784249
0.958548139,0.959048238,0.966991969,0.97680882,0.074905123,0.10823828,0.111605763,0.159443791
0.975301099,0.975610486,0.976121953,0.975850249,0.547944582,0.575277927,0.578191369,0.574036743
0.941896065,0.943310411,0.950611234,0.957471298,0.198290032,0.227726014,0.243487662,0.279342598
0.96602387,0.967690973,0.967806872,0.968698314,0.595985947,0.614526851,0.616881003,0.620954752
0.959763371,0.95813515,0.965568454,0.975901756,0.163635118,0.202207671,0.213080889,0.282956912
0.948350092,0.951231072,0.950695217,0.956559088,0.473702142,0.501381186,0.502088164,0.506938858
0.967053845,0.964610873,0.971141208,0.981199275,0.141186923,0.189226581,0.197227612,0.260330082
0.957867377,0.959691973,0.959463632,0.961442094,0.515511485,0.535978033,0.536023639,0.547942863
0.952436603,0.955696693,0.966887204,0.974684217,0.203906628,0.237117763,0.275669051,0.315270786
0.950789565,0.952302342,0.970797054,0.976618522,0.086229404,0.113197416,0.147553391,0.232079048
0.973389416,0.980533433,0.981423613,0.987239195,0.327982893,0.436085868,0.415638105,0.519257973
0.94649488,0.951909499,0.949674338,0.951819888,0.059816977,0.064001271,0.052408653,0.046744558
0.967552972,0.973031416,0.979209016,0.98413446,0.25516938,0.279565548,0.29445156,0.346080705
0.960741366,0.971802568,0.975902438,0.985780344,0.099524989,0.197071025,0.219500386,0.269771628
0.971816478,0.981301879,0.981320262,0.986393934,0.176652948,0.210850626,0.223057268,0.292229087
0.950831481,0.958554196,0.962571955,0.965148525,0.152298382,0.172146787,0.179207402,0.192872854
0.958486059,0.966044899,0.966654471,0.974159071,0.206124565,0.233855773,0.226247733,0.231863093
0.949495575,0.963394935,0.966863886,0.976540675,0.21913287,0.278101691,0.29905922,0.35395813
0.970228644,0.968584285,0.976585005,0.986099333,0.337171455,0.358871889,0.393431585,0.520469819
0.946810238,0.963579877,0.9664237,0.974218184,0.234447485,0.2944497,0.309449549,0.341493623
0.968895137,0.975403812,0.978257723,0.982621582,0.218558087,0.273717837,0.280287051,0.325936954
0.99285262,0.993163492,0.992573402,0.995025948,0.39500843,0.490268814,0.456423062,0.533937083
0.980032382,0.983850665,0.985781192,0.987313145,0.618603579,0.655900812,0.671328006,0.682812137
0.8494893,0.880400549,0.892588703,0.901550189,0.028515597,0.027885898,0.035925406,0.035711555
0.94653831,0.957657956,0.960357755,0.964861301,0.363472513,0.397430396,0.406845058,0.4079491
0.977584734,0.980917427,0.983080821,0.981376015,0.251555002,0.282510588,0.28672909,0.267624349
0.957975186,0.963516778,0.96539963,0.969513155,0.392826004,0.422197057,0.420902356,0.42038002
0.983206523,0.985977939,0.988311348,0.989809678,0.367339873,0.427973679,0.447742214,0.494582118
0.95304759,0.962830962,0.965107044,0.972494639,0.537967125,0.599851793,0.60579386,0.637625989
0.954535075,0.95538448,0.957543901,0.960519499,0.4872009,0.509618654,0.505805074,0.494493673
0.898262337,0.911001575,0.915173472,0.948682657,0.223657524,0.250271174,0.253583038,0.320622442
0.896890814,0.89495375,0.906005067,0.926274893,0.197408042,0.154406844,0.166774029,0.149343454
0.817216556,0.838750371,0.846362576,0.881526723,0.112281079,0.144772633,0.148202525,0.201001805
0.99142818,0.993526404,0.99261835,0.99323596,0.529307108,0.573322924,0.571621469,0.563757925
0.86299402,0.876397309,0.894341622,0.943989848,0.069542368,0.081894251,0.101237741,0.210946551
0.873951723,0.879532693,0.884966736,0.953533287,0.236285877,0.245610254,0.256275449,0.442838581
0.901188029,0.926934553,0.931974032,0.954327041,0.19538823,0.253414639,0.265722596,0.335621499
0.897349879,0.921372763,0.926615603,0.948018192,0.229659383,0.279617162,0.292532027,0.365616959
0.909466684,0.920793295,0.924040761,0.932053169,0.146907541,0.172520636,0.17834574,0.185438143
0.928472309,0.945188657,0.945876083,0.947816282,0.070142473,0.097707265,0.103537593,0.095899677
0.912300929,0.879690726,0.918186188,0.965664679,0.009474553,0.109167449,0.081546341,0.154473386
0.944826433,0.953661719,0.952670447,0.964615476,0.226457391,0.245688569,0.255011669,0.267077981
0.830668202,0.687000929,0.6706933,0.910607211,9.59E-05,0.000154075,0.00016358,0.000205336
0.795259425,0.831930391,0.818080033,0.828105828,0.005320839,0.118281285,0.117223983,0.051907929
0.89154856,0.90699804,0.91696618,0.906813328,0.02237661,0.030872658,0.040570769,0.017805873
0.935635239,0.940500493,0.943373424,0.952818204,0.384954647,0.399927779,0.410475741,0.453371778
0.974039806,0.977854457,0.978697577,0.984378791,0.247838461,0.257759261,0.278789285,0.310566539
0.94516379,0.950774581,0.951126049,0.960206179,0.377450435,0.399543191,0.407523631,0.42366091
0.94977116,0.956155305,0.95970245,0.968371806,0.322044846,0.33880499,0.357377722,0.398928498
0.954464015,0.960811173,0.961196699,0.969168506,0.235986826,0.24782928,0.262212575,0.266698078
0.915107288,0.928832674,0.928816531,0.943609225,0.224031021,0.24860625,0.254851196,0.280259341
0.986673104,0.987597582,0.986697133,0.985432575,0.272889854,0.31120271,0.301596252,0.279234047
0.969831507,0.970314241,0.972201495,0.972437097,0.197688332,0.234890339,0.232893,0.22415486
0.971110759,0.97494931,0.974489838,0.975782967,0.239900429,0.266919072,0.265291927,0.260621934
0.974264398,0.974914422,0.973669967,0.977554479,0.420223763,0.458415878,0.452058003,0.45976787
0.962083008,0.967428608,0.969552822,0.977106428,0.361919056,0.39729157,0.392820353,0.428799494
0.931200033,0.937502929,0.93871175,0.946265003,0.241348748,0.268982421,0.277844674,0.274178256
0.991011533,0.991611008,0.99149024,0.991329061,0.412070081,0.440827331,0.434926687,0.416104161
0.958058206,0.96254349,0.963240184,0.963302347,0.178487591,0.187617239,0.196913686,0.192506838
0.986984377,0.983817243,0.986997077,0.983943818,0.416626282,0.467316122,0.497673319,0.452784653
0.949783336,0.956016049,0.958135165,0.965281339,0.362784171,0.380199756,0.389990551,0.425124716
0.951266053,0.952665924,0.959055364,0.971871012,0.259227254,0.279852637,0.301097469,0.400332997
0.92969034,0.937005989,0.939064302,0.949102241,0.3546265,0.382050693,0.385292345,0.401202302
0.966530426,0.969543497,0.970326256,0.971911008,0.394416536,0.431552207,0.434136468,0.433042617
0.948104524,0.95332073,0.952770854,0.956839841,0.309183947,0.323208362,0.329896504,0.327236237
0.968547009,0.976689859,0.97363527,0.977386588,0.33660229,0.396082136,0.394941792,0.398660474
0.948726249,0.958080109,0.956841378,0.965022778,0.271431997,0.330400865,0.32824614,0.340170026
0.973955704,0.981810786,0.980621841,0.98623081,0.381070752,0.455181484,0.42515467,0.482622644
0.923274474,0.930281509,0.934803986,0.950928399,0.261611861,0.272304164,0.28625501,0.336399022
0.909935156,0.915522844,0.913532886,0.911974675,0.325006685,0.339466126,0.341770889,0.336844516
0.956122846,0.959044691,0.959385817,0.960062755,0.572177828,0.585073508,0.58509816,0.569963842
0.897594092,0.908389719,0.913207362,0.931188554,0.04248863,0.045772289,0.050481956,0.062365093
0.961280216,0.968717547,0.970785267,0.974605745,0.52030205,0.559410357,0.568360962,0.579816557
0.921993905,0.93207198,0.934130603,0.94395788,0.255940409,0.285267228,0.290486513,0.287588641
0.919073389,0.931311286,0.929442822,0.946898029,0.058846046,0.095058107,0.08188215,0.135697395
0.961740521,0.966993168,0.967637784,0.972369684,0.486442536,0.522735448,0.53039141,0.53847693
0.78394455,0.819262996,0.812745562,0.84951709,0.004563543,0.006362945,0.006106959,0.010411215
0.877472064,0.909323424,0.908234526,0.930793731,0.162191804,0.222938826,0.226447832,0.276185317
0.933638563,0.941376358,0.946577477,0.959851307,0.213635957,0.229473871,0.25291583,0.299289283
0.912152882,0.918249741,0.917770098,0.932073113,0.262593929,0.277410883,0.281015052,0.290302381
0.867147037,0.883335318,0.891752071,0.927671145,0.18334044,0.204630793,0.215703397,0.280169325
0.869614462,0.887091837,0.901551719,0.952098624,0.045142588,0.058439004,0.066182329,0.167130874
0.935291396,0.947663019,0.944661263,0.958159116,0.072940277,0.108052062,0.08188516,0.139520182
0.890227568,0.909252497,0.90259621,0.913535591,0.052192331,0.068882067,0.059394878,0.081095998
0.954394551,0.958200968,0.960798787,0.965508394,0.273043099,0.30105037,0.298425848,0.334724974
0.907010836,0.916777038,0.912983284,0.938746371,0.099155608,0.105001708,0.109670062,0.139137575
0.960100483,0.97009175,0.969425212,0.975213765,0.30906206,0.376800885,0.385209904,0.398307392
0.904008615,0.948806646,0.978163597,0.759560843,0.000182697,8.07E-05,0.000204328,0.000210591
0.8552139,0.871941228,0.871121682,0.933912308,0.010190322,0.019231726,0.012865921,0.10109815
0.924680304,0.932555758,0.944573938,0.952062304,0.155335566,0.195411007,0.231584209,0.259507019
0.950947837,0.95753065,0.961436082,0.96874763,0.223623014,0.250738138,0.273190842,0.297786339
0.98621887,0.983414909,0.982135761,0.994495499,0.119539015,0.176534914,0.239046795,0.392619105
0.972425369,0.976243159,0.980000791,0.985026501,0.313587197,0.349224783,0.373240322,0.410978288
0.977058861,0.97864903,0.980974938,0.985586604,0.549507547,0.578317969,0.58780529,0.632981677
0.970338458,0.974422436,0.978424631,0.986319557,0.169573502,0.173509798,0.205958257,0.315947774
0.971476918,0.978725691,0.980713517,0.986295465,0.293010635,0.353441938,0.369051623,0.425410594
0.954514827,0.962789688,0.963971781,0.969663556,0.124740978,0.142850168,0.150849229,0.196378321
0.974446616,0.972182014,0.97969149,0.982532348,0.044413501,0.044240768,0.068160706,0.102834974
0.995746624,0.988270496,0.993490472,0.995427526,0.17706282,0.169414782,0.21439788,0.242915886
0.96533547,0.975148905,0.975398257,0.981881502,0.21649257,0.273673386,0.28773063,0.354389949
0.938378268,0.954667337,0.949933891,0.958826749,0.027678924,0.117965213,0.097743253,0.125767019
0.96252579,0.979625383,0.958746247,0.981276633,0.350572349,0.383380111,0.396079744,0.417035953
0.971357556,0.978955929,0.979470307,0.98570005,0.457270296,0.563512209,0.557782156,0.627488177
0.97621061,0.97414339,0.978624068,0.988030874,0.51730071,0.521077845,0.557013944,0.643355695
0.982220392,0.976950271,0.982108163,0.992681677,0.680823326,0.674506345,0.716645423,0.815030412
0.978928306,0.973592063,0.97998046,0.990105587,0.542790618,0.536138629,0.585722278,0.698921577
0.97537436,0.978757808,0.980379696,0.98395834,0.33765521,0.367090073,0.381591465,0.383898178
0.9755044,0.978179126,0.979718669,0.980712355,0.376154908,0.405825269,0.415553951,0.410350796
0.962458524,0.967788905,0.971662184,0.973939648,0.409133848,0.438452237,0.459995062,0.452007758
0.993560086,0.989120681,0.99520519,0.997242038,0.368779602,0.511593091,0.460824168,0.536975262
0.947080433,0.956166629,0.960207278,0.967221526,0.11311633,0.142860189,0.159240614,0.197837647
0.923869356,0.932622788,0.937982619,0.938009105,0.017959841,0.040525666,0.031114545,0.03339937
0.958010755,0.96158366,0.962181967,0.9628327,0.400381188,0.423800123,0.429397245,0.415971611
0.940325898,0.945319029,0.951108762,0.954025553,0.401862855,0.426017466,0.435946756,0.432940565
0.844868067,0.858156907,0.862777329,0.861547288,0.077463775,0.08102546,0.080839601,0.087824879
0.981928132,0.985498348,0.986968585,0.988067667,0.583894244,0.618928746,0.629192897,0.638343104
0.897626983,0.912750828,0.919421104,0.94366827,0.236865003,0.245079149,0.267559786,0.241378962
0.97976786,0.983642937,0.985443252,0.986690644,0.594914337,0.62507491,0.634544185,0.643240849
0.980876577,0.983175659,0.986650231,0.98847138,0.176924914,0.193539623,0.230535126,0.261649708
0.950510123,0.955738855,0.960946669,0.96526626,0.341537257,0.358108921,0.373828472,0.370356264
0.899442773,0.90380063,0.929783229,0.968149514,0.045243701,0.050220763,0.065057057,0.17521824
0.955447688,0.962491155,0.964074509,0.968333249,0.161939149,0.171967066,0.183826347,0.228485732
0.988657533,0.989098243,0.988773719,0.991946908,0.323398448,0.363544882,0.383406608,0.438065557
0.581511778,0.667096837,0.727536735,0.808315019,3.08E-05,4.57E-05,4.47E-05,0.000196902
0.943040764,0.948750393,0.951479589,0.960737541,0.435809415,0.458163388,0.46960524,0.508058231
0.954824284,0.959711612,0.963484394,0.971145815,0.331594661,0.344144535,0.361554431,0.399864447
0.903775129,0.90646358,0.91322005,0.943450719,0.260597642,0.278022434,0.289017457,0.372242561
0.982212477,0.985256283,0.984702898,0.98735451,0.298094437,0.328924277,0.34608764,0.360454061
0.919660131,0.926321114,0.922059662,0.930863757,0.287497504,0.297691552,0.302038293,0.304431423
0.957708483,0.963755824,0.965090432,0.971739483,0.491940138,0.542053158,0.540124953,0.584279503
0.981451777,0.98429127,0.986439715,0.987785699,0.652308652,0.679899574,0.688950478,0.701514767
0.969615656,0.965728552,0.972170097,0.982093833,0.477519983,0.480851065,0.514730161,0.603266705
0.927833154,0.937206881,0.938088913,0.934915276,0.381810405,0.40244314,0.399184765,0.404959064
0.972486883,0.976656754,0.978438649,0.980404116,0.541356519,0.573430594,0.581875213,0.58569218
0.934062532,0.939142553,0.945523721,0.951704843,0.108701345,0.125069644,0.139069419,0.134715141
0.963418585,0.967223416,0.970086941,0.974935501,0.257033466,0.2711906,0.281541974,0.305244
0.973900614,0.982836332,0.983528812,0.985520361,0.272726213,0.304604719,0.311534694,0.315206629
0.950839028,0.943607474,0.959427623,0.96559352,0.182163893,0.182737888,0.22419309,0.268157618
0.962916158,0.985593908,0.985628288,0.996598636,0.02438521,0.144465723,0.084919066,0.307103384
0.947173928,0.953634418,0.955167118,0.960114409,0.252466718,0.278183756,0.29553967,0.308702848
N/A,N/A,N/A,N/A,N/A,N/A,N/A,N/A
0.74819253,0.772480841,0.780305628,0.780617016,0.000979595,0.00146241,0.00162857,0.001818373
0.918584226,0.921835581,0.934221955,0.931254657,0.047999543,0.085865516,0.075118188,0.068913218
0.965327055,0.968569412,0.970800351,0.971594417,0.460840093,0.476224178,0.4806963,0.464691022
0.960665533,0.96662982,0.968073526,0.97377224,0.36132167,0.41506687,0.412074842,0.447802656
0.985619676,0.988570843,0.987814869,0.988882543,0.302692983,0.386303854,0.370640406,0.394650252
0.964351433,0.97247457,0.973924333,0.983530669,0.250524291,0.290001929,0.320198112,0.419200346
0.964481926,0.97141085,0.973669576,0.975584521,0.236037642,0.25392032,0.26794882,0.271317861
0.973187226,0.976401374,0.978377327,0.982450981,0.210191739,0.236928004,0.244897456,0.271476967
0.966103179,0.968825014,0.972857175,0.976945098,0.238052725,0.25244858,0.264730257,0.288007525
0.970025495,0.97311216,0.976838734,0.979747452,0.242105455,0.258282353,0.279304047,0.304631064
0.980988424,0.984443504,0.985308718,0.98622449,0.261114098,0.263639667,0.275154733,0.303422011
0.966540975,0.972847881,0.972949953,0.977246003,0.251968892,0.292244967,0.305405802,0.325895567
0.959245505,0.965073557,0.966855707,0.971315894,0.263689207,0.301657005,0.321283449,0.326504948
0.945047181,0.952258982,0.954875029,0.958630606,0.369168155,0.412903251,0.41719423,0.416386403
0.944248372,0.952457188,0.954666554,0.959450247,0.307861141,0.341884344,0.352674979,0.359666995
0.940281022,0.951499745,0.952895856,0.960179722,0.335052765,0.372841064,0.382529047,0.38934711
0.97813479,0.984779924,0.983466606,0.988116042,0.200198824,0.239315386,0.268060972,0.280318532
0.90852965,0.921624936,0.927802736,0.944941191,0.090830148,0.111442879,0.124038054,0.135821947
0.910644066,0.919859629,0.924295165,0.938777238,0.225262996,0.258801581,0.267482753,0.28885018
0.981151975,0.984233523,0.985882389,0.987374033,0.569621287,0.60917709,0.621949055,0.636553877
0.99107002,0.991719633,0.991960552,0.992434256,0.41844369,0.440153007,0.437022573,0.425923489
0.965098778,0.970224601,0.970018084,0.97235144,0.330539844,0.348189304,0.353900668,0.348088451
0.974589357,0.978453738,0.975332623,0.980628979,0.413678317,0.44410933,0.417779139,0.437023161
0.978051988,0.980704091,0.980481771,0.983885379,0.168231575,0.221613442,0.231619295,0.263400938
0.961217893,0.961227361,0.964446188,0.977360559,0.212680183,0.243496308,0.264298721,0.300126192
0.954309796,0.954190605,0.954865282,0.959748923,0.117600409,0.120084806,0.135315117,0.118246554
0.96506466,0.967771923,0.962531216,0.967709355,0.171097575,0.163541589,0.170076579,0.155515061
0.976333515,0.978244173,0.979397291,0.979975892,0.462229032,0.476033068,0.475608648,0.474564662
0.901901388,0.907166257,0.920400909,0.915727388,0.033611088,0.038523815,0.035765452,0.036325194
0.951022563,0.951474797,0.957502168,0.974065673,0.038606617,0.114296959,0.097708927,0.202246369
0.958966786,0.970186752,0.967756822,0.97204359,0.184728083,0.250392341,0.254799178,0.285940322
0.948844348,0.958693708,0.959177731,0.967245015,0.230232428,0.274791747,0.277756562,0.267026856
0.980912905,0.985257729,0.984963492,0.986062242,0.550127907,0.570998812,0.577908297,0.570173971
0.947257027,0.95361857,0.955288763,0.960649577,0.343555409,0.366013728,0.380793602,0.394926962
0.925209972,0.940033483,0.949110883,0.95055634,0.157878409,0.201032915,0.208829039,0.246892759
0.963101561,0.955467434,0.968474286,0.980370179,0.368965642,0.366776026,0.404456946,0.526067678
0.965006155,0.95927536,0.970480106,0.981435063,0.3444217,0.359951939,0.389976224,0.515407623
0.94846597,0.955705335,0.957386387,0.961077437,0.360380742,0.390771066,0.397259486,0.395622664
0.960352133,0.96616392,0.967374813,0.968807063,0.450582415,0.486423036,0.484089001,0.481138499
0.967138875,0.972703054,0.971919459,0.976112438,0.199270966,0.240187307,0.236775398,0.291378216
0.964381961,0.973296912,0.956670398,0.956900929,0.041570179,0.086138458,0.073593449,0.065033816
0.977988324,0.974248975,0.987740135,0.996468131,0.156933133,0.150139141,0.179007118,0.285389524
0.987424696,0.992270053,0.990801199,0.990904892,0.354487204,0.417944605,0.432618204,0.446237976
0.98470109,0.988435052,0.987053466,0.989159537,0.511902482,0.576932268,0.571665441,0.580027831
0.983965801,0.986241638,0.982376979,0.986655003,0.343840582,0.423022675,0.398464389,0.468095173
0.923888769,0.931627259,0.939238248,0.950570092,0.228592384,0.247076006,0.27886653,0.302150341
0.963741275,0.967622751,0.966017229,0.96786166,0.442209667,0.480651635,0.478413662,0.462244013
0.96184002,0.966233509,0.966095709,0.96637535,0.443514958,0.475822412,0.467740826,0.457115742
0.958878363,0.965031109,0.964126205,0.965342652,0.434947588,0.474129225,0.473573784,0.453285704
0.960834777,0.964775474,0.964194496,0.964934119,0.49287388,0.534716899,0.529326876,0.516461205
0.917259479,0.924504988,0.927750915,0.931893846,0.127242901,0.146257254,0.154075217,0.163283826
0.886828058,0.892765745,0.891072569,0.891265856,0.083458681,0.089931394,0.091662074,0.088238689
0.797058054,0.812025196,0.80867562,0.840659267,0.008231764,0.013157037,0.015171423,0.012840955
0.960974957,0.965273473,0.965033846,0.969594405,0.481611569,0.515247107,0.505967983,0.504157884
0.890884397,0.940319369,0.962538075,0.996200184,2.01E-05,3.68E-05,5.87E-05,0.000865811
0.993792069,0.994690695,0.995120045,0.996104485,0.579839816,0.607151241,0.621012042,0.624863628
0.859807842,0.891354715,0.873894753,0.914197934,0.046963685,0.070374761,0.07008427,0.085486001
0.927892057,0.938929896,0.93767061,0.948991418,0.043944473,0.106386097,0.084813405,0.146085775
0.906713255,0.929142343,0.927181276,0.92646922,0.079510417,0.108297835,0.121271288,0.12324701
0.947483511,0.956361479,0.958453705,0.965160551,0.083471824,0.120876755,0.121805413,0.15031208
0.961653335,0.968283809,0.971255932,0.973524653,0.071402953,0.10490107,0.114270176,0.109471068
0.988945081,0.990861166,0.99152631,0.992339962,0.637252414,0.669403417,0.67522342,0.673394618
0.95395197,0.968945766,0.973764737,0.977342734,0.053180183,0.128498082,0.103930919,0.110207537
0.947853716,0.957056325,0.961745114,0.960017158,0.032430042,0.096891326,0.06971416,0.087228928
0.943786192,0.961568959,0.967454948,0.975867156,0.113209533,0.184240348,0.178470454,0.240851176
0.938983932,0.965477931,0.964632042,0.973529824,0.073123441,0.117662546,0.100548785,0.134386319
0.963029732,0.97270579,0.973118576,0.975776452,0.062248282,0.119159619,0.112883863,0.128995668
0.945908447,0.959757245,0.962308305,0.958037326,0.042517695,0.131116713,0.080037202,0.111337725
0.95609869,0.957786083,0.965207023,0.971860238,0.31959018,0.345196615,0.397398343,0.439824253
0.938348496,0.943332962,0.944478757,0.943444795,0.086353131,0.132562851,0.12678483,0.152188533
0.957451023,0.960155734,0.964458863,0.967919106,0.181605551,0.205592704,0.212073159,0.235489366
0.944047109,0.950474196,0.951394505,0.955432421,0.34738516,0.373139089,0.372237802,0.361964588
0.896968084,0.911610219,0.906062438,0.931074752,0.043844299,0.080619168,0.066107467,0.092046163
0.93742265,0.90833309,0.923097134,0.926772127,0.023544655,0.055412813,0.033012319,0.078180838
0.978336658,0.981742969,0.98074195,0.981906278,0.198260263,0.221139982,0.216434231,0.210647557
0.963889909,0.965684418,0.96487315,0.967643081,0.280465059,0.286108558,0.284736545,0.28620372
0.980823973,0.986160644,0.983264208,0.985888691,0.38830384,0.413054507,0.416909912,0.414569754
0.989605582,0.990575449,0.990087827,0.994918308,0.408007653,0.419161668,0.417364402,0.490592102
0.947255308,0.956491116,0.959924427,0.969647652,0.525059227,0.577674689,0.577840138,0.598071699
0.958072088,0.961814216,0.961967215,0.985602447,0.136266599,0.143434916,0.145318638,0.292172946
0.907017758,0.911351033,0.921129523,0.936031838,0.241459744,0.335925214,0.321611909,0.359043224
0.955764053,0.952279729,0.951192132,0.960495123,0.335516309,0.431718783,0.362664672,0.492076946
0.963784786,0.968460552,0.97011198,0.975237625,0.508411464,0.526614788,0.534614489,0.566971144
0.959944882,0.964879233,0.965771375,0.971357039,0.548846604,0.569110247,0.575713462,0.609171083
0.958512878,0.964448845,0.965694524,0.971257114,0.516630573,0.540668954,0.546798611,0.580540437
0.966971328,0.970666703,0.971113657,0.97641513,0.552874371,0.566073871,0.571902336,0.603353593
0.935641807,0.946052818,0.948803811,0.959024902,0.315283289,0.350791931,0.356132338,0.386394295
0.943119387,0.95297582,0.954441014,0.963206761,0.301891861,0.325546451,0.342306628,0.37570338
0.951546023,0.957880352,0.957532362,0.960547704,0.348864744,0.36110823,0.36629707,0.362822696
0.919756971,0.927842175,0.926889934,0.935094664,0.477104303,0.492572459,0.492614905,0.502310148
0.935138106,0.940105597,0.939633375,0.944139115,0.507287369,0.529419695,0.529178454,0.531170137
0.938500045,0.950015228,0.953214667,0.965423315,0.359143216,0.396320281,0.410064562,0.469689965
0.938311222,0.948184576,0.951879176,0.963468103,0.357976623,0.388021467,0.407030601,0.459475832
0.948802012,0.960516595,0.964267605,0.97633538,0.224516381,0.255653251,0.276737867,0.324341787
0.940365076,0.949428243,0.953001309,0.963505537,0.344302482,0.375027323,0.392470552,0.445452898
0.935409158,0.946239333,0.949493989,0.963236694,0.381353004,0.426034418,0.442663848,0.508279092
0.882689026,0.880827054,0.893885959,0.947985933,0.133782639,0.143916451,0.160705876,0.284424122
0.884446632,0.888456882,0.902503204,0.947846798,0.073801668,0.0731176,0.096436264,0.194411891
0.948594117,0.956638296,0.958793176,0.963575884,0.442011185,0.464011703,0.461920568,0.457749551
0.854328689,0.875140405,0.883637829,0.943699423,0.093533908,0.123430596,0.134587465,0.251441066
0.845105762,0.887904248,0.897706241,0.940071651,0.110504627,0.167044987,0.188585824,0.290081767
0.951126091,0.959275967,0.960172935,0.964150761,0.315259222,0.364618069,0.368437393,0.383674141
0.949470627,0.958566342,0.958472124,0.964324693,0.344958611,0.395554611,0.393987281,0.415357203
0.97445289,0.975846239,0.975225161,0.978306828,0.505064049,0.536126498,0.532396925,0.526959767
0.96806588,0.972292737,0.972561359,0.971344012,0.20793272,0.242774958,0.242276239,0.231410868
0.978374342,0.983005885,0.983083496,0.989789884,0.314147482,0.36369846,0.344061629,0.419395964
0.91620714,0.924928817,0.920490668,0.917111038,0.303539808,0.344834194,0.296612187,0.370864109
0.848677092,0.859783497,0.877948619,0.92720773,0.082182932,0.094683294,0.101810109,0.172545643
0.977962325,0.979332768,0.980014578,0.981823022,0.153185047,0.188506703,0.236558301,0.299686025
0.915923306,0.927520609,0.93041945,0.942794752,0.261466321,0.304825867,0.326897194,0.355721301
0.952697224,0.957703324,0.956235945,0.959384424,0.501105777,0.529980016,0.531056277,0.530109796
0.951517191,0.950649667,0.953384721,0.958097382,0.556346245,0.575857467,0.577487249,0.569650732
0.917607875,0.913986483,0.921388512,0.958761426,0.307014824,0.308851251,0.329433146,0.460676411
0.922760288,0.923714957,0.931883684,0.96407641,0.206558838,0.21948669,0.246732027,0.352168505
0.847567839,0.871573801,0.879098095,0.911427179,0.120925881,0.145281847,0.147692642,0.211807635
0.891739628,0.905565432,0.910909404,0.918056225,0.353962249,0.415209029,0.433170587,0.47116746
0.980419497,0.982037539,0.982565514,0.984160407,0.318198062,0.338359348,0.339657185,0.373792395
0.933816856,0.937767603,0.943769354,0.958619765,0.187498364,0.202620362,0.227535771,0.267627352
0.885867671,0.896364883,0.901501953,0.905556877,0.020491269,0.024485749,0.031314434,0.028737817
0.959344023,0.962921427,0.964503801,0.967730606,0.230850636,0.264530855,0.265100537,0.288149754
0.919036699,0.927849356,0.931750753,0.939740083,0.265010455,0.293414682,0.301886597,0.311996323
0.97943824,0.985240959,0.986481332,0.987822416,0.634364492,0.682292248,0.688650167,0.699405077
0.983537983,0.984585907,0.984806062,0.9843852,0.475816641,0.501442264,0.506163199,0.50282594
0.981667872,0.985947555,0.98652895,0.988446211,0.587952251,0.628649343,0.637364357,0.650051062
0.979205239,0.983514676,0.984787974,0.986691595,0.653389841,0.682350819,0.692791584,0.708157132
0.982239475,0.983147131,0.983312676,0.984246974,0.448426997,0.479842232,0.483927276,0.477231543
0.981507603,0.982223037,0.983075606,0.982931279,0.254907521,0.305048891,0.326708052,0.318444738
0.98547325,0.988867903,0.989356631,0.990684517,0.61221153,0.645433638,0.650717418,0.670713075
0.942645883,0.94575892,0.94398137,0.946469578,0.420382665,0.443886081,0.442865613,0.442317479
0.98203375,0.986917685,0.986980028,0.988709701,0.56499517,0.619215016,0.626068944,0.634692603
0.976850556,0.98381738,0.984016103,0.985008668,0.555737362,0.606947391,0.609982253,0.617220251
0.977065791,0.983717163,0.984349708,0.985859926,0.591327091,0.644871988,0.651794513,0.66287003
0.981206568,0.985408846,0.986362152,0.986485782,0.522889601,0.578706986,0.586976193,0.596075391
0.982284463,0.987348408,0.987426194,0.98902114,0.613320057,0.661620946,0.663024753,0.672265785
0.912264644,0.919490318,0.91795223,0.906367676,0.025050354,0.022574465,0.020449743,0.015856941
0.986843822,0.990847376,0.991625466,0.993056404,0.546114551,0.624397812,0.639793331,0.66953408
0.955230213,0.960406054,0.961225361,0.961632142,0.452542763,0.467808972,0.471676664,0.472987142
0.953793902,0.961637611,0.962519314,0.970279518,0.094738561,0.119820287,0.125869201,0.162664993
0.983390667,0.987111541,0.988283391,0.989679678,0.587809246,0.628703746,0.636272361,0.6530792
0.949030559,0.952759748,0.951143264,0.955184189,0.499134817,0.532671364,0.531109796,0.523917867
0.985493686,0.987618828,0.987546133,0.989266212,0.146844377,0.200341814,0.237118207,0.259835566
0.993867968,0.995532458,0.995720875,0.996658652,0.734799028,0.764153341,0.771240209,0.797191746
0.935757735,0.942161149,0.9431608,0.946341051,0.392899673,0.407448172,0.413182611,0.402221609
0.97741601,0.981213879,0.980190735,0.985935996,0.17047593,0.197158693,0.21210337,0.258908825
0.985417704,0.988127877,0.989039638,0.990303308,0.555928422,0.588793724,0.600438752,0.6136164
0.977861799,0.978858094,0.978357877,0.980855555,0.45521883,0.50107676,0.506575686,0.495514275
0.978468129,0.981898429,0.981977419,0.983588281,0.204334427,0.246548573,0.25864734,0.284077804
0.985276433,0.988318465,0.989536771,0.990838785,0.593767632,0.628934695,0.635890153,0.64753631
0.948191162,0.95462504,0.953626688,0.955924431,0.431442532,0.464354671,0.455951431,0.451767867
0.95436269,0.962768327,0.965556645,0.969971429,0.204008519,0.238531787,0.259490659,0.27950055
0.969123341,0.972253177,0.97348015,0.974888342,0.353912802,0.376894631,0.392064009,0.397326234
0.964784201,0.967850741,0.967638906,0.967693521,0.143531695,0.177988532,0.176622801,0.181258283
0.949546075,0.959506819,0.960997016,0.968625749,0.358617862,0.395335382,0.408297654,0.422912109
0.980948526,0.984667494,0.985960973,0.987606465,0.585283647,0.652129478,0.660482044,0.677407873
0.980036951,0.983562055,0.984448735,0.985871542,0.60394515,0.644245654,0.648550554,0.658683198
0.978199867,0.982640565,0.983336448,0.984599667,0.582998545,0.623219303,0.630053503,0.640359462
0.979445883,0.984418652,0.985150694,0.987110351,0.599256853,0.644020559,0.652074639,0.663328814
0.975924418,0.98112376,0.982672628,0.985178455,0.642963673,0.683382652,0.689403822,0.705338669
0.97466673,0.976094635,0.976303446,0.976596287,0.553771197,0.581710204,0.585130781,0.571833307
0.97222939,0.974336983,0.974147412,0.975568045,0.471450239,0.50281201,0.502207301,0.501654421
0.929799688,0.93509546,0.935774558,0.937398932,0.392392495,0.414872467,0.410245195,0.411303233
0.980631381,0.986267542,0.986997493,0.989140174,0.623230482,0.668068632,0.673487158,0.692814808
0.983642828,0.987744973,0.988402989,0.989828194,0.562467157,0.615093159,0.619398195,0.633455757
0.951535351,0.953964216,0.953297731,0.956485641,0.424382705,0.451795839,0.451385426,0.445533001
0.979687352,0.983514485,0.985515675,0.987143757,0.643681809,0.688944956,0.704723544,0.717794066
0.983731802,0.986427442,0.987854294,0.989659432,0.618479528,0.657491894,0.658974513,0.677745014
0.976416475,0.980340469,0.983277311,0.985596379,0.619008195,0.654670732,0.666778294,0.684848774
0.982668654,0.986256798,0.987488322,0.989134299,0.663264769,0.702789471,0.71558343,0.729026955
0.978336314,0.98166255,0.983543653,0.985458427,0.648617546,0.681081602,0.691974528,0.703351196
0.977383406,0.9814808,0.983692836,0.985908585,0.62045309,0.649843474,0.662802458,0.681927648
0.979360564,0.983063676,0.984572748,0.987029664,0.598640769,0.635875111,0.645850159,0.663469734
0.974790176,0.979624606,0.981598532,0.983525127,0.662980758,0.689377241,0.702657272,0.715621457
0.97794502,0.981442569,0.983498158,0.98636731,0.65669542,0.687781474,0.697162488,0.715467301
0.988277636,0.990828614,0.991606647,0.99256514,0.685907641,0.71033521,0.72303638,0.737487232
0.98146852,0.985227767,0.986233341,0.987837179,0.652262827,0.688920771,0.698327435,0.714737499
0.996388547,0.995345812,0.997076117,0.997307899,0.262530792,0.331114578,0.315635313,0.331262864
0.98151416,0.984650453,0.986060526,0.987924264,0.658952592,0.691837458,0.707342091,0.720858288
0.98390459,0.987066237,0.987979588,0.989451524,0.676232867,0.707483546,0.721661871,0.73501156
0.98152822,0.984379871,0.985928412,0.987929253,0.66067212,0.691343282,0.710295133,0.730224713
0.978608357,0.983193762,0.984713008,0.986642021,0.668300777,0.704795786,0.716612009,0.728850449
0.988394464,0.990198646,0.991180483,0.992335238,0.662842078,0.699643612,0.711937373,0.72802122
0.987006149,0.989213454,0.990203415,0.991656667,0.661661065,0.697943815,0.713940255,0.731803197
0.987368435,0.989344795,0.990667802,0.991609656,0.669235197,0.709204434,0.724101939,0.742506104
0.975613821,0.97983922,0.982014569,0.984339897,0.644196006,0.678609242,0.690787878,0.707819726
0.983502301,0.986371905,0.987776754,0.989513716,0.666106879,0.701404171,0.710114989,0.729084504
0.975665601,0.980016252,0.982282131,0.984826275,0.654957146,0.690290977,0.702013533,0.717181247
0.983294086,0.986185577,0.987735318,0.989869231,0.640326525,0.673026641,0.687681242,0.704596134
0.973604251,0.978417892,0.980112441,0.983106794,0.657912451,0.69104124,0.702937013,0.720162141
0.973270922,0.977228697,0.979645201,0.983272404,0.653758508,0.682649157,0.696569071,0.714859084
0.980597414,0.984256752,0.986403772,0.988211319,0.656047355,0.687327747,0.700744747,0.720909605
0.977437764,0.982076783,0.984083028,0.986584535,0.636581999,0.673720346,0.682235096,0.705489519
0.985172767,0.988497395,0.989709769,0.991483847,0.653525646,0.690025418,0.707015906,0.724183886
0.986136886,0.988679127,0.989886662,0.990853411,0.647566868,0.684193758,0.701643401,0.711297873
0.985827054,0.988590784,0.99005037,0.991432572,0.645835074,0.698107125,0.710128168,0.730554881
0.985359606,0.987892059,0.989227431,0.990722059,0.65026458,0.680650758,0.691346437,0.708164037
0.979757933,0.983219447,0.985110645,0.987022186,0.672092981,0.705848706,0.722090636,0.737057386
0.99534579,0.996453954,0.996388266,0.99681368,0.671985483,0.716227133,0.72139858,0.721679742
0.976528422,0.982095147,0.984188884,0.986492671,0.645298909,0.684639331,0.697178609,0.716762808
0.979291738,0.982387385,0.984332332,0.986581643,0.642813225,0.679001037,0.691262002,0.709915824
0.974620232,0.978627786,0.981277257,0.983905681,0.656956825,0.689191855,0.699352962,0.717153638
0.980724019,0.983757494,0.985676295,0.987143397,0.625441771,0.657945548,0.669269634,0.685707404
0.983126406,0.986221965,0.98761285,0.989781988,0.654707827,0.689944618,0.703128635,0.721332889
0.982951122,0.985615678,0.987302653,0.9890275,0.655467386,0.691513455,0.701818171,0.725072449
0.987347169,0.98933668,0.990745812,0.991747936,0.668587461,0.698946798,0.711787731,0.720653446
0.97860556,0.982617794,0.984758267,0.986516183,0.655698905,0.691956265,0.70254136,0.715022866
0.985286372,0.987972068,0.989298886,0.991043298,0.636214356,0.678605283,0.691493827,0.709176698
0.979258003,0.982956506,0.984780751,0.986753654,0.631748205,0.668472373,0.679087381,0.693736752
0.9896524,0.991200565,0.992047241,0.993103915,0.677454883,0.712340153,0.721986996,0.737226835
0.973276768,0.977504303,0.980357983,0.983087848,0.627790441,0.657446353,0.668400091,0.686471645
0.980588747,0.984742744,0.986523848,0.989169148,0.651194038,0.693933732,0.702404389,0.723275016
0.981196103,0.984798487,0.986529299,0.987871449,0.598656851,0.636155094,0.649613184,0.659469328
0.976169465,0.980894202,0.983366105,0.985652945,0.701863747,0.735445366,0.745958569,0.759471454
0.985076566,0.987506187,0.989032049,0.990976011,0.674944541,0.704766648,0.714884529,0.734932191
0.987171383,0.989374777,0.990380776,0.991902658,0.676055614,0.700959868,0.712083583,0.724914395
0.984834186,0.988208367,0.989422042,0.990886223,0.625839956,0.669990258,0.68521397,0.702112084
0.934407177,0.941538057,0.946581989,0.951326553,0.688791168,0.713083808,0.725529324,0.734344432
0.852599169,0.854419934,0.856158216,0.854456259,0.347777884,0.358153939,0.357977644,0.35425293
0.880007212,0.883237482,0.88718994,0.881922846,0.161654777,0.169416912,0.175225963,0.170682889
0.79927369,0.810604665,0.816327781,0.816573273,0.055869569,0.069669859,0.082304876,0.09315362
0.857873957,0.862442479,0.86639649,0.863131542,0.161587008,0.170613236,0.178968358,0.184705359
0.887357172,0.887739669,0.891200179,0.882562089,0.123405858,0.119562833,0.124452846,0.116832091
0.824878544,0.830123352,0.838719222,0.835998079,0.055712103,0.061189582,0.072037136,0.086341247
0.854260176,0.862633819,0.868166562,0.871153871,0.233077603,0.246752451,0.259548419,0.269702319
0.887574475,0.894753684,0.895368225,0.890340501,0.067725232,0.07320385,0.074638009,0.0729029
0.855361559,0.860251231,0.864292507,0.866353584,0.322019662,0.334656874,0.342292139,0.350413895
0.870666876,0.872654078,0.872343751,0.866530246,0.050421386,0.050701154,0.054306288,0.049663565
0.955764483,0.958296318,0.959136744,0.955995953,0.509689541,0.530043734,0.536255597,0.514133153
0.85577742,0.865190425,0.873146512,0.878598045,0.403998518,0.430010867,0.443693596,0.454037263
0.879300676,0.883453944,0.884283731,0.879566753,0.445622416,0.468433208,0.471390748,0.455383444
0.789815069,0.803049252,0.805688422,0.793759498,0.184551042,0.209546187,0.212409667,0.191431681
0.856771026,0.866571017,0.867484651,0.868343003,0.053476258,0.062165076,0.069757097,0.068818959
0.848721749,0.856874186,0.863468953,0.866659504,0.355921023,0.37721359,0.393679439,0.40432038
0.909884497,0.91753006,0.923261425,0.925742774,0.721014215,0.740373031,0.749670958,0.751077275
0.975875068,0.977770481,0.978460547,0.975619314,0.874230155,0.88312609,0.881453135,0.871900347
0.899505858,0.905740475,0.905251238,0.905114384,0.298627936,0.321015414,0.319365967,0.306622323
0.875457392,0.878875047,0.881762063,0.871320766,0.116247384,0.118959646,0.122726562,0.109352778
0.850005808,0.856525004,0.859920157,0.845044208,0.124603534,0.129712055,0.132158496,0.113747565
0.940702611,0.943322479,0.945556893,0.942255111,0.648298176,0.663243055,0.664239114,0.650174825
0.822731426,0.832104641,0.836293862,0.831427093,0.227591298,0.258593142,0.26930384,0.274245396
0.867600161,0.870829303,0.873822166,0.86579915,0.255476657,0.260500253,0.263297627,0.250777022
0.858919871,0.869122169,0.873536612,0.880026234,0.314765076,0.336816624,0.346399353,0.355165761
0.919454075,0.920157376,0.920173027,0.919268729,0.484909061,0.489454824,0.489402581,0.486450447
0.832206416,0.841134968,0.845525548,0.852911288,0.501414705,0.520313439,0.529643395,0.533640463
0.860586294,0.868110948,0.870597197,0.87561288,0.455814646,0.475550249,0.474819242,0.475555427
0.856293606,0.866696515,0.86908777,0.873091733,0.462221625,0.486402412,0.489567693,0.484929128
0.852639587,0.856083031,0.857367243,0.851926885,0.098253386,0.099348753,0.097925563,0.091650978
0.787930951,0.796791058,0.798801967,0.785752338,0.142557417,0.159331738,0.164815594,0.150895867
0.79713282,0.80799797,0.811377634,0.818071232,0.336085661,0.357560039,0.368148769,0.380512521
0.878500794,0.886995682,0.889163566,0.890925026,0.56011631,0.582201778,0.584628895,0.57702822
0.895148203,0.903628937,0.904167026,0.904722552,0.582521631,0.604590122,0.602184904,0.589376743
0.808862625,0.81604487,0.816486707,0.804319329,0.33812274,0.356000473,0.358608737,0.326567618
0.880763544,0.889000997,0.889347009,0.890675142,0.526979383,0.551928325,0.549462907,0.538938834
0.879541083,0.881844552,0.882513382,0.87660268,0.045134338,0.04787252,0.049407608,0.046378989
0.852637767,0.864987894,0.872685287,0.867281778,0.069691074,0.083467882,0.091509523,0.084721641
0.866490655,0.870314977,0.872855062,0.863810528,0.139075468,0.151078711,0.151612114,0.136850364
0.882343773,0.888779234,0.889969532,0.88920302,0.581812773,0.599514587,0.598492402,0.59460542
0.797300125,0.806139098,0.808290186,0.810243955,0.465867656,0.486665518,0.489511366,0.493788755
0.79487771,0.801248766,0.802022883,0.797653495,0.426194683,0.443977597,0.442119487,0.430485874
0.756955851,0.767041312,0.770749731,0.758193932,0.254085371,0.274415295,0.278880274,0.261734445
0.807208262,0.816764358,0.819777635,0.823585266,0.518382212,0.544061907,0.54660172,0.553678378
0.896572791,0.903044003,0.905703089,0.907558777,0.674625528,0.695163298,0.69775001,0.698922893
0.886542685,0.893865848,0.896730337,0.898862061,0.638793344,0.662514137,0.663771215,0.664825795
0.769437441,0.776128072,0.777286331,0.765442656,0.303391181,0.318986789,0.317764761,0.295631482
0.909013415,0.913269015,0.913628331,0.915006527,0.603878842,0.62425763,0.620908717,0.619543276
0.819250503,0.832579114,0.837122071,0.82942455,0.292215799,0.333729079,0.33686169,0.342375125
0.752118164,0.757840644,0.760462376,0.746190531,0.264096618,0.270723636,0.272861392,0.253314922
0.934543991,0.93920027,0.939909197,0.94127498,0.643749658,0.66297032,0.662384277,0.660597172
0.848327563,0.854235493,0.858542529,0.862552989,0.530257408,0.54637266,0.552859552,0.56183892
0.82906793,0.836909345,0.838201371,0.827612664,0.284112571,0.303416473,0.306412709,0.284636168
0.775040075,0.789260331,0.790747988,0.777913462,0.133931125,0.154719433,0.158809333,0.145013925
0.821700313,0.830462073,0.834475935,0.839700259,0.518319583,0.538141055,0.543395527,0.558732131
0.886510301,0.893169938,0.896080472,0.900381981,0.700399792,0.717636959,0.72159973,0.728626581
0.927049068,0.931309934,0.932065559,0.929059834,0.707995558,0.721626564,0.722624733,0.712495957
0.792846795,0.798146873,0.800505078,0.786731162,0.335830174,0.350376157,0.354439482,0.326026037
0.881435935,0.887526096,0.8900373,0.889659248,0.602440975,0.621154514,0.623821945,0.618481567
0.825823587,0.833796134,0.840441754,0.834833802,0.152015169,0.173489626,0.183197529,0.186779193
0.802550874,0.807902234,0.81018196,0.796931721,0.25097372,0.257037569,0.260522516,0.238296858
0.931306796,0.936717459,0.937709383,0.937267131,0.555806915,0.579336678,0.577937178,0.576259481
0.850121839,0.855468986,0.859748128,0.860740485,0.403263849,0.421377073,0.429240455,0.424564317
0.863633544,0.871328045,0.872739157,0.856758855,0.201301708,0.222893519,0.231533566,0.204693215
0.793156759,0.806386987,0.807302744,0.795662047,0.050139439,0.063833891,0.065064944,0.059002618
0.797057481,0.805760754,0.810339384,0.813749301,0.335948946,0.351530235,0.358809937,0.370198201
0.883647778,0.892113518,0.895253189,0.896358529,0.58096511,0.603437671,0.608825625,0.604181619
0.942126729,0.946204702,0.946085717,0.941539223,0.653654814,0.674229498,0.673487682,0.655983514
0.793253397,0.798341161,0.800141463,0.784478374,0.274051704,0.283386032,0.288642602,0.259437822
0.919771445,0.924733439,0.92562889,0.923116788,0.565631271,0.58867175,0.587977934,0.569370762
0.864055626,0.877654915,0.884144411,0.877802787,0.094172073,0.124722039,0.122557751,0.136987176
0.806867737,0.811744997,0.813753072,0.804979709,0.164301202,0.165849717,0.165728411,0.154183991
0.885739743,0.895665249,0.89903636,0.900750124,0.50795517,0.532498348,0.533755128,0.533868751
0.834274015,0.848312249,0.850650201,0.855351635,0.505092001,0.533084229,0.536859514,0.547427724
0.863407124,0.869704851,0.871229484,0.863599545,0.375290328,0.395266254,0.399336342,0.37972253
0.792085568,0.799956128,0.801117335,0.789412408,0.216701837,0.237456272,0.237117919,0.219879665
0.792994287,0.813213354,0.817278735,0.823902763,0.468821195,0.512218893,0.518719944,0.539802685
0.857601665,0.87355622,0.876420776,0.8811105,0.608435773,0.641183997,0.644326395,0.652762613
0.912941488,0.921649147,0.92211326,0.922062719,0.684298277,0.704682106,0.703275298,0.69936431
0.794500485,0.800355686,0.801607864,0.787729593,0.343190213,0.356072658,0.359889937,0.33212172
0.885189826,0.893587572,0.895902547,0.895796689,0.589375507,0.61195424,0.61306646,0.609280758
0.825638522,0.827332441,0.830553737,0.820297526,0.057828047,0.060222084,0.05958186,0.055126587
0.816711468,0.825895993,0.834525407,0.82966364,0.141439969,0.170188265,0.18216158,0.185380109
0.807668425,0.815383922,0.817085473,0.804358568,0.103052143,0.111109761,0.109407347,0.096306373
0.926982544,0.933573438,0.934083322,0.933030008,0.516182114,0.541927198,0.541915372,0.537805593
0.851935222,0.8585713,0.862534995,0.86126911,0.502653414,0.522155829,0.527736336,0.520526037
0.849496802,0.856038092,0.856492319,0.847073033,0.269209094,0.291087101,0.296336895,0.270679394
0.881215023,0.887763229,0.888571803,0.880878181,0.206526786,0.226979128,0.224488815,0.206880227
0.79589153,0.805466386,0.808688129,0.806065971,0.284385438,0.300232828,0.301791892,0.30444014
0.878682327,0.886987357,0.888994459,0.886185226,0.569263115,0.589259137,0.591810088,0.581859913
0.954684021,0.958231482,0.957971272,0.953044885,0.726725839,0.746217479,0.742001143,0.723661389
0.800115089,0.806156944,0.806558172,0.791225269,0.308581787,0.323749377,0.326307178,0.296249182
0.9467853,0.949559578,0.949648882,0.947140927,0.663909691,0.682176578,0.679313658,0.665631867
0.904843145,0.912614396,0.916924719,0.909264056,0.163660769,0.192961365,0.187037561,0.16337058
0.793365318,0.805937041,0.803589362,0.780317591,0.024468788,0.027831142,0.026803001,0.022262062
0.88644934,0.894010408,0.895494507,0.895404416,0.539630734,0.560172624,0.559365454,0.557465625
0.807465835,0.815111861,0.819733872,0.821866367,0.4985397,0.513862959,0.522075773,0.522915736
0.782973876,0.792097815,0.792938928,0.785928669,0.271137942,0.285236019,0.288275126,0.274075236
0.77057732,0.780971479,0.783907835,0.77115315,0.201519476,0.22218055,0.228372057,0.210445271
0.793169799,0.803589792,0.808450542,0.81396887,0.501035397,0.519983725,0.527242151,0.540636178
0.86898309,0.878550148,0.881651172,0.885591986,0.636641281,0.656069186,0.660386477,0.665116877
0.913910009,0.920436353,0.921760002,0.919940788,0.68010074,0.6973398,0.698762853,0.690100113
0.783730896,0.789926451,0.791304376,0.776247599,0.338562862,0.351974827,0.35615434,0.326494123
0.807280998,0.816527052,0.823870533,0.816909017,0.103736293,0.129917181,0.130780685,0.140800289